race_id,umaban,horse,jockey,weight,odds,score
202604010201,1,馬名,騎手,"馬体重
(増減)",3.0,0.25
202604010201,2,オートカリテ,富田,516(+6),4.0,0.2
202604010201,3,トレンドラド,▲石田,444(0),5.5,0.15384615384615385
202604010201,4,サウンドファミリエ,石川,408(+2),7.9,0.11235955056179775
202604010201,5,フィールライクユー,△舟山,396(0),8.4,0.10638297872340426
202604010201,6,ティンブロポップ,ゴンサルベ,426(-14),14.4,0.06493506493506493
202604010201,7,ピアス,丸山,462(-2),29.5,0.03278688524590164
202604010201,17,オモイヲノセテ,横山琉,460(+8),36.7,0.02652519893899204
202604010201,8,リベルタアーラ,▲石神道,408(-6),39.4,0.024752475247524754
202604010201,9,ワイドバヴァール,亀田,460(+2),41.1,0.023752969121140142
202604010201,10,コスモエーヴィヒ,菊沢,448(-2),46.6,0.021008403361344536
202604010201,11,マサハヤルージュ,▲和田陽,424(0),48.2,0.02032520325203252
202604010201,12,チョコスコーン,△田山,404(+4),63.9,0.015408320493066254
202604010201,13,キコリータ,小沢,412(-4),65.2,0.015105740181268881
202604010201,14,ソフィア,丹内,448(+4),109.8,0.009025270758122744
202604010201,15,フロンテアムーン,▲上里,408(+8),119.1,0.00832639467110741
202604010201,16,ミズノミヤコ,★河原田,410(-6),159.0,0.00625
202604010202,1,馬名,騎手,"馬体重
(増減)",2.5,0.2857142857142857
202604010202,2,オセアフェアモント,黛,470(0),3.3,0.23255813953488372
202604010202,3,ブレイシオン,野中,444(-8),4.1,0.19607843137254904
202604010202,4,ニシノアオニヨシ,▲水沼,442(0),7.6,0.11627906976744186
202604010202,5,クイーンオブハート,★河原田,368(-16),13.2,0.07042253521126761
202604010202,16,ポッドスモーカー,▲大久保,504(-12),18.0,0.05263157894736842
202604010202,6,ウイングラナート,▲遠藤,534(-4),20.1,0.04739336492890995
202604010202,7,スカット,▲上里,436(-4),60.5,0.016260162601626018
202604010202,8,ビスケットアソート,富田,470(+4),117.5,0.008438818565400843
202604010202,9,ナムラソラン,△柴田裕,424(+4),135.5,0.007326007326007326
202604010202,10,トーセンシーギリヤ,原田和,470(-24),171.7,0.005790387955993052
202604010202,11,ミスタートントン,▲石神道,454(0),187.6,0.005302226935312832
202604010202,12,キタノレクレドール,▲川端,416(0),233.4,0.004266211604095563
202604010202,13,ヘヴンズドライブ,ゴンサルベ,412(-6),265.9,0.0037467216185837395
202604010202,14,エコロボルト,丸山,494(+2),293.1,0.003400204012240734
202604010202,15,ナムラステラ,丹内,462(0),407.8,0.002446183953033268
202604010203,1,馬名,騎手,"馬体重
(増減)",3.2,0.23809523809523808
202604010203,2,シーンオブドリーム,斎藤,532(0),3.8,0.20833333333333334
202604010203,3,レジェルテ,▲和田陽,462(+2),4.1,0.19607843137254904
202604010203,4,タロ,△田山,468(+4),7.9,0.11235955056179775
202604010203,5,リュウゴピュア,▲大久保,498(+8),12.7,0.07299270072992702
202604010203,6,ユイアンゴロー,原田和,480(-8),14.1,0.06622516556291391
202604010203,7,コイオステソーロ,丹内,524(+6),21.1,0.04524886877828054
202604010203,8,ブリックアブラック,武藤,452(0),26.4,0.03649635036496351
202604010203,9,トコトコクマチ,△柴田裕,492(+12),36.6,0.026595744680851064
202604010203,15,カシノスパーク,▲石神道,464(+6),38.2,0.02551020408163265
202604010203,10,ファフロツキーズ,富田,474(-8),62.0,0.015873015873015872
202604010203,11,サマーナジュム,中井,498(+8),62.9,0.01564945226917058
202604010203,12,ボールドタワー,横山琉,488(+12),68.7,0.014347202295552367
202604010203,13,サルサブラヴァ,石川,514(+6),213.5,0.004662004662004662
202604010203,14,モアザンファイア,◇今村,534(+10),216.1,0.00460617227084293
202604010204,1,馬名,騎手,"馬体重
(増減)",3.1,0.24390243902439027
202604010204,2,メイショウソウセキ,難波,518(+8),4.6,0.17857142857142858
202604010204,3,クレプスクルム,五十嵐,462(+8),5.2,0.16129032258064516
202604010204,4,ピスタ,小坂,528(-8),7.8,0.11363636363636363
202604010204,5,ヴェルトラウム,大江圭,450(-4),9.1,0.09900990099009901
202604010204,6,コレペティトール,▲井上,476(-2),12.0,0.07692307692307693
202604010204,7,イーサンバーニング,田村,522(-4),16.3,0.057803468208092484
202604010204,8,モズナイスバディー,森一,498(0),30.3,0.03194888178913738
202604010204,9,メイショウカゼマチ,黒岩,468(-2),35.0,0.027777777777777776
202604010204,10,フォルガイル,▲水沼,444(-8),38.5,0.02531645569620253
202604010204,15,イデアユウシン,草野,538(-2),40.2,0.024271844660194174
202604010204,11,サングラデーション,上野,418(-10),49.6,0.019762845849802372
202604010204,12,キャネル,▲坂口,498(-6),53.3,0.01841620626151013
202604010204,13,グランジョルノ,伴,492(+8),79.4,0.01243781094527363
202604010204,14,ランフォースマイル,中村,464(+12),81.4,0.012135922330097087
202604010205,1,馬名,騎手,"馬体重
(増減)",2.9,0.25641025641025644
202604010205,2,アスクブームキセキ,▲和田陽,460(+2),4.5,0.18181818181818182
202604010205,3,モンロワイヤル,斎藤,458(0),5.0,0.16666666666666666
202604010205,4,ラップトップ,▲森田,392(-2),7.7,0.1149425287356322
202604010205,5,レインボーステート,△舟山,442(-2),9.0,0.1
202604010205,6,ジワタネホ,▲小林美,434(+4),17.9,0.052910052910052914
202604010205,7,アイルドゥレーヴェ,△田山,532(-4),18.3,0.05181347150259067
202604010205,8,バーバラップ,富田,480(0),22.0,0.043478260869565216
202604010205,9,ランスオブラヴ,△柴田裕,454(+6),27.0,0.03571428571428571
202604010205,15,ファインブライト,杉原,474(-10),42.3,0.023094688221709007
202604010205,10,ルーリングクラス,丸山,476(-6),47.0,0.020833333333333332
202604010205,11,ウインアイルグロウ,石川,456(-4),64.1,0.015360983102918589
202604010205,12,ワールドブレイヴ,菊沢,500(+2),82.6,0.011961722488038277
202604010205,13,ヴォーゲ,丹内,432(0),100.2,0.009881422924901186
202604010205,14,ダイユウヴェンティ,小沢,422(-2),121.4,0.008169934640522876
202604010206,1,馬名,騎手,"馬体重
(増減)",2.6,0.2777777777777778
202604010206,2,ゴッドヴァレー,△田山,492(+2),4.3,0.18867924528301888
202604010206,3,ロックウイズユー,△柴田裕,452(0),8.1,0.10989010989010989
202604010206,4,ワンダーウィルク,▲和田陽,516(+2),8.4,0.10638297872340426
202604010206,5,トーアケルキラ,▲石田,486(+2),8.7,0.10309278350515465
202604010206,6,ラファミリア,▲森田,504(0),10.2,0.08928571428571429
202604010206,7,プロスペクト,△鷲頭,518(+4),14.4,0.06493506493506493
202604010206,8,アスタールテニウム,◇永島,508(-11),24.0,0.04
202604010206,9,コスモシェルベット,▲石神道,442(+2),29.4,0.03289473684210526
202604010206,14,ノーブルミステリー,▲小林美,454(-2),44.3,0.02207505518763797
202604010206,10,ヤマカツレオン,▲川端,506(0),65.1,0.015128593040847203
202604010206,11,ラストレガシー,△舟山,488(+6),65.3,0.015082956259426848
202604010206,12,ノーブルアクト,▲水沼,510(-10),75.6,0.013054830287206267
202604010206,13,ハイケンス,★河原田,458(-2),131.2,0.007564296520423602
202604010207,1,馬名,騎手,"馬体重
(増減)",2.8,0.2631578947368421
202604010207,2,メランジェ,丹内,452(0),6.0,0.14285714285714285
202604010207,3,ウインレオネッサ,△田山,432(+10),7.6,0.11627906976744186
202604010207,4,マーゴットカーラ,△舟山,428(+14),7.7,0.1149425287356322
202604010207,5,ストレイトアスク,▲和田陽,436(-6),12.3,0.07518796992481203
202604010207,6,ラブリーガール,武藤,450(-4),13.8,0.06756756756756756
202604010207,7,デュアルアップ,◇今村,474(-8),14.8,0.06329113924050632
202604010207,8,ラヴスコール,斎藤,426(+6),16.3,0.057803468208092484
202604010207,9,ココボロ,野中,526(+2),16.6,0.056818181818181816
202604010207,10,ルージュベルベット,ゴンサルベ,450(+6),24.2,0.03968253968253968
202604010207,11,キタノクニカラ,▲遠藤,396(+10),28.8,0.03355704697986577
202604010207,12,ユメシバイ,▲小林美,456(+16),43.0,0.022727272727272728
202604010207,17,ラブカムーン,★河原田,480(+4),86.0,0.011494252873563218
202604010207,13,ロンドンアームズ,菊沢,474(+2),102.2,0.009689922480620155
202604010207,14,ベルサ,◇永島,466(0),126.9,0.007818608287724784
202604010207,15,マリーヌ,亀田,484(-2),162.5,0.0061162079510703364
202604010207,16,ルージュナリッシュ,石川,454(+4),218.9,0.004547521600727604
202604010208,1,馬名,騎手,"馬体重
(増減)",3.7,0.2127659574468085
202604010208,2,スターエンブレム,横山琉,476(-4),3.8,0.20833333333333334
202604010208,3,サンピアノソナタ,▲上里,458(-6),6.7,0.12987012987012986
202604010208,4,アンドローゼス,丸山,464(0),6.9,0.12658227848101264
202604010208,5,マドモアゼルアスク,小沢,448(-2),8.6,0.10416666666666667
202604010208,6,ナムラブーニン,吉田隼,468(0),9.6,0.09433962264150944
202604010208,7,マイネルアレス,丹内,460(-4),11.3,0.08130081300813008
202604010208,8,ミエノフェアリー,△舟山,406(-14),15.8,0.05952380952380952
202604010208,9,ケイツークローン,菊沢,476(-6),31.9,0.030395136778115502
202604010208,13,レゼールドラペ,▲石神道,432(+2),47.4,0.02066115702479339
202604010208,10,サトノシャルレーヌ,△田山,468(+20),68.9,0.014306151645207437
202604010208,11,クラウドセイル,▲遠藤,482(-4),158.5,0.006269592476489028
202604010208,12,グランツローゼ,▲森田,444(+2),177.3,0.005608524957936062
202604010209,1,馬名,騎手,"馬体重
(増減)",2.0,0.3333333333333333
202604010209,2,ルージュマローネ,杉原,474(-6),4.6,0.17857142857142858
202604010209,3,メイショウリリー,横山琉,444(+10),4.8,0.1724137931034483
202604010209,4,コンアフェット,斎藤,480(+2),9.9,0.09174311926605504
202604010209,5,レイバックスピン,丹内,482(-4),15.7,0.059880239520958084
202604010209,6,シンボリノエル,菊沢,504(+14),21.4,0.044642857142857144
202604010209,13,サンコンクエスト,丸山,558(+2),22.8,0.04201680672268907
202604010209,7,フローラルセント,川端,468(+4),24.0,0.04
202604010209,8,ベルイストワール,小沢,544(-10),33.1,0.029325513196480937
202604010209,9,ステアハート,田山,476(-6),36.0,0.02702702702702703
202604010209,10,マハナ,石川,444(-4),65.5,0.015037593984962405
202604010209,11,サイモンコーラル,柴田裕,462(-10),141.7,0.007007708479327261
202604010209,12,プウスカンドゥール,中井,464(+2),152.4,0.006518904823989569
202604010210,1,馬名,騎手,"馬体重
(増減)",3.0,0.25
202604010210,2,クールベイビー,丸山,470(+2),4.9,0.1694915254237288
202604010210,3,マルプリ,ゴンサルベ,466(0),5.3,0.15873015873015872
202604010210,4,ペイシャヴァルツー,川端,436(0),9.3,0.0970873786407767
202604010210,5,ヒラボクミニー,舟山,488(+10),12.7,0.07299270072992702
202604010210,6,エクセルゴールド,杉原,486(+8),14.1,0.06622516556291391
202604010210,7,クリノハレルヤ,和田陽,482(-2),16.7,0.05649717514124294
202604010210,8,イスラコラソン,今村,450(+8),18.4,0.051546391752577324
202604010210,9,ハニーローリエ,菊沢,472(0),23.1,0.04149377593360996
202604010210,10,ヴェナートル,武藤,498(-10),30.7,0.031545741324921134
202604010210,11,ホークレア,横山琉,446(-10),38.7,0.025188916876574305
202604010210,17,カウンターセブン,小林美,514(-10),39.3,0.02481389578163772
202604010210,12,ララアヴリル,森田,480(0),56.9,0.017271157167530225
202604010210,13,リリーフィールド,富田,436(0),59.3,0.01658374792703151
202604010210,14,ラトルシェ,丹内,470(0),103.2,0.009596928982725527
202604010210,15,タミゼ,田山,470(-14),122.2,0.008116883116883116
202604010210,16,スペルキャスター,小林凌,478(-8),128.3,0.007733952049497292
202604010211,1,馬名,騎手,"馬体重
(増減)",4.3,0.18867924528301888
202604010211,2,エコロガイア,中井,478(+4),5.2,0.16129032258064516
202604010211,3,ポールセン,丹内,490(+4),5.7,0.14925373134328357
202604010211,4,ショウナンアビアス,ゴンサルベ,506(-4),6.7,0.12987012987012986
202604010211,5,ブレーザー,斎藤,522(-10),11.5,0.08
202604010211,6,レアンダー,亀田,458(-2),11.9,0.07751937984496124
202604010211,7,サフランヒーロー,黛,450(-14),12.4,0.07462686567164178
202604010211,8,エスカル,丸山,506(0),14.3,0.06535947712418301
202604010211,9,サンライズパスカル,富田,544(+4),19.3,0.04926108374384236
202604010211,10,ボディブロー,田山,538(+6),24.6,0.0390625
202604010211,11,ユキマル,石川,496(-4),27.2,0.03546099290780142
202604010211,12,アルムラトゥール,横山琉,500(0),58.8,0.016722408026755852
202604010211,13,スリーピース,吉田隼,460(0),59.7,0.016474464579901153
202604010211,14,エティエンヌ,長岡,510(-2),59.8,0.01644736842105263
202604010211,16,ルディック,小沢,530(-2),86.3,0.01145475372279496
202604010211,15,グッジョブ,菊沢,466(+12),132.5,0.00749063670411985
202604010212,1,馬名,騎手,"馬体重
(増減)",2.6,0.2777777777777778
202604010212,2,サイモンプレジール,▲森田,476(-6),2.7,0.27027027027027023
202604010212,3,ジャーニーメモリー,▲上里,468(-4),5.9,0.14492753623188406
202604010212,4,タケルハーロック,亀田,498(0),10.0,0.09090909090909091
202604010212,5,バルジール,吉田隼,488(-2),17.9,0.052910052910052914
202604010212,6,フルドド,ゴンサルベ,454(-8),18.1,0.05235602094240837
202604010212,16,サイコウダネ,★河原田,452(-2),23.8,0.04032258064516129
202604010212,7,ダディーズアイル,△鷲頭,482(-6),33.3,0.02915451895043732
202604010212,8,クリノミニスター,丹内,460(-12),36.7,0.02652519893899204
202604010212,9,シュネーグロッケン,小沢,496(-4),50.6,0.01937984496124031
202604010212,10,ワンウェイトゥヘル,長岡,468(-2),52.5,0.018691588785046728
202604010212,11,リッキースタイル,△舟山,490(0),66.0,0.014925373134328358
202604010212,12,スーパーバイザー,菊沢,482(+2),159.2,0.006242197253433209
202604010212,13,クインズメレンゲ,△田山,464(-2),235.4,0.004230118443316413
202604010212,14,アイファーファイト,的場,436(-2),259.2,0.0038431975403535744
202604010212,15,ダイチラポール,◇永島,480(-12),268.7,0.0037078235076010383
202605020401,1,馬名,騎手,"馬体重
(増減)",2.5,0.2857142857142857
202605020401,2,ウォータースパウト,高杉,466(-2),4.9,0.1694915254237288
202605020401,3,ルンベーラ,佐々木,450(-4),6.5,0.13333333333333333
202605020401,4,エフハリスト,横山和,512(-2),9.1,0.09900990099009901
202605020401,5,キャルキュラス,ディー,452(0),10.5,0.08695652173913043
202605020401,6,アスパラゴ,大野,470(-2),11.4,0.08064516129032258
202605020401,7,グレープレモネード,松岡,422(-8),17.4,0.05434782608695653
202605020401,8,フレンチブラッサム,木幡巧,438(+5),20.9,0.04566210045662101
202605020401,9,アジャイブ,△長浜,460(+4),28.5,0.03389830508474576
202605020401,16,メリティス,吉田豊,484(0),37.1,0.026246719160104987
202605020401,10,ディープマウンテン,木幡初,402(-4),41.0,0.023809523809523808
202605020401,11,シンデレラカラー,岩田康,456(0),46.1,0.021231422505307854
202605020401,12,ライヴマルガリータ,石橋脩,454(-4),118.4,0.008375209380234505
202605020401,13,イデアクリスタル,横山武,476(+4),124.2,0.007987220447284345
202605020401,14,ブルーサーマル,原,524(+6),244.6,0.004071661237785016
202605020401,15,マウンテンドーター,柴田大,426(0),269.0,0.003703703703703704
202605020402,1,馬名,騎手,"馬体重
(増減)",2.6,0.2777777777777778
202605020402,2,マッシブショット,江田照,460(+4),4.6,0.17857142857142858
202605020402,3,キタノドンカルロ,柴田大,434(-16),5.7,0.14925373134328357
202605020402,4,リトルコリンズ,石橋脩,428(+8),5.9,0.14492753623188406
202605020402,5,キーチジャステン,△長浜,484(0),9.3,0.0970873786407767
202605020402,6,レピュニット,ディー,484(+10),17.9,0.052910052910052914
202605020402,7,エメラルファイン,木幡巧,484(-2),26.2,0.03676470588235294
202605020402,8,ブルーミーティア,菅原明,490(+2),30.3,0.03194888178913738
202605020402,9,ハピナスター,松岡,500(-4),42.3,0.023094688221709007
202605020402,17,イントゥゴールデン,西塚,480(+8),47.1,0.020790020790020788
202605020402,10,レオスキーム,原,464(-4),54.3,0.018083182640144666
202605020402,11,レイズレガシー,横山武,506(+4),70.0,0.014084507042253521
202605020402,12,ライカ,大野,446(+2),126.8,0.00782472613458529
202605020402,13,セツナサ,三浦,468(-2),137.4,0.0072254335260115606
202605020402,14,プリプリプリン,▲佐藤,476(0),274.4,0.0036310820624546117
202605020402,15,マイネルテオドロス,高杉,456(+8),409.2,0.0024378352023403218
202605020402,16,ネオシューマン,団野,464(+4),460.6,0.002166377816291161
202605020403,1,馬名,騎手,"馬体重
(増減)",2.3,0.30303030303030304
202605020403,2,タイガーゲイト,木幡巧,488(+12),3.4,0.22727272727272727
202605020403,3,モズエムブイピー,横山武,550(0),6.9,0.12658227848101264
202605020403,4,クラージュスター,横山和,478(+4),7.8,0.11363636363636363
202605020403,5,シャインネージュ,石橋脩,478(+8),7.9,0.11235955056179775
202605020403,6,タマモブレイキン,★谷原,496(-4),12.4,0.07462686567164178
202605020403,13,マサッチェハマー,ディー,492(0),17.7,0.053475935828877004
202605020403,7,スティールヴォーグ,田辺,460(0),55.7,0.01763668430335097
202605020403,8,カウガールハット,北村宏,454(-4),142.7,0.006958942240779402
202605020403,9,カシマライフウ,松岡,472(+2),153.7,0.006464124111182935
202605020403,10,アーデントアイ,高杉,460(-2),187.7,0.005299417064122946
202605020403,11,スターツトゥデイ,岩田康,490(-2),196.0,0.005076142131979695
202605020403,12,トワイライトビュー,原,510(+4),235.5,0.004228329809725159
202605020404,1,馬名,騎手,"馬体重
(増減)",2.0,0.3333333333333333
202605020404,2,モントゥリエ,田辺,440(-2),4.7,0.17543859649122806
202605020404,3,ダイヤテソーロ,石橋脩,440(-2),6.1,0.14084507042253522
202605020404,4,フリーヤ,横山武,460(-4),13.8,0.06756756756756756
202605020404,5,ワッフル,柴田大,448(+2),13.9,0.06711409395973154
202605020404,6,カテドラルクォーツ,原,480(-4),23.0,0.041666666666666664
202605020404,19,アームアンフルール,木幡初,464(+2),23.4,0.04098360655737705
202605020404,7,ベアサナエチャン,大野,446(+10),27.1,0.03558718861209964
202605020404,8,トウカイティエラ,▲佐藤,454(0),27.3,0.0353356890459364
202605020404,9,カーブドフェザー,団野,440(-4),34.0,0.02857142857142857
202605020404,10,エルアン,△長浜,448(0),43.1,0.022675736961451247
202605020404,11,シーサンタナ,嶋田,420(+2),46.0,0.02127659574468085
202605020404,12,ブルージンジャー,高杉,464(0),53.1,0.018484288354898334
202605020404,13,ビップマリク,吉田豊,478(0),94.9,0.010427528675703858
202605020404,14,ミアエッテ,岩田康,484(+8),125.3,0.007917656373713382
202605020404,15,ベストバラディア,木幡巧,398(-8),134.7,0.007369196757553428
202605020404,16,アドマイヤフク,ディー,428(+4),280.9,0.0035473572188719407
202605020404,17,ケイツースクード,西塚,412(-4),303.4,0.00328515111695138
202605020404,18,レヴェランジェ,佐々木,470(+18),467.6,0.0021340162185232605
202605020405,1,馬名,騎手,"馬体重
(増減)",3.9,0.2040816326530612
202605020405,2,オメガディコン,岩田康,530(-4),4.3,0.18867924528301888
202605020405,3,イルミナジーティー,佐々木,438(-2),5.1,0.1639344262295082
202605020405,4,マジックオーラ,△長浜,428(-4),7.0,0.125
202605020405,5,トランスマーレ,横山武,450(0),7.3,0.12048192771084336
202605020405,6,ラヴィニアパーク,高杉,478(+4),10.5,0.08695652173913043
202605020405,7,ユマハム,三浦,464(+2),11.4,0.08064516129032258
202605020405,8,ルミナスレイナ,吉田豊,468(0),24.9,0.03861003861003861
202605020405,9,ブルースパーダ,原,484(-2),35.7,0.02724795640326975
202605020405,10,ラインクインビー,木幡巧,436(+4),62.8,0.015673981191222573
202605020405,16,キョンチャン,江田照,454(+2),72.2,0.01366120218579235
202605020405,11,オープンザパンドラ,ディー,458(+8),87.4,0.011312217194570135
202605020405,12,アラムベイ,荻野極,422(-18),176.5,0.005633802816901409
202605020405,13,キタノタイキ,▲佐藤,436(-2),240.1,0.00414765657403567
202605020405,14,ブライスフェアリー,松岡,416(+2),267.6,0.003723008190618019
202605020405,15,サトノリアファル,北村宏,524(-4),320.8,0.0031075201988812924
202605020406,1,馬名,騎手,"馬体重
(増減)",1.9,0.3448275862068966
202605020406,2,スーパーガール,▲佐藤,490(-2),5.2,0.16129032258064516
202605020406,3,ワンモメンタム,高杉,496(-2),8.3,0.1075268817204301
202605020406,4,アースインハマー,北村宏,506(+2),9.7,0.09345794392523366
202605020406,5,ムーランオランジュ,小崎,486(-6),13.5,0.06896551724137931
202605020406,6,ピュール,木幡巧,406(-6),20.6,0.046296296296296294
202605020406,7,タイセイブルーム,△長浜,490(0),23.6,0.04065040650406504
202605020406,8,リフレックス,三浦,474(+2),23.8,0.04032258064516129
202605020406,17,アグネスクレスト,石橋脩,500(+4),29.4,0.03289473684210526
202605020406,9,トヨサカエ,吉田豊,470(0),48.1,0.020366598778004074
202605020406,10,グラティアム,横山武,472(+4),51.1,0.019193857965451054
202605020406,11,ユキノグラス,佐々木,460(+10),55.3,0.017761989342806397
202605020406,12,ベルゼビュート,荻野極,472(-4),70.7,0.01394700139470014
202605020406,13,ゴディアンフィンチ,横山和,522(-12),71.9,0.013717421124828532
202605020406,14,パータリプトラ,岩田康,468(-4),89.2,0.011086474501108647
202605020406,15,フルミネブル,ディー,492(-4),119.3,0.00831255195344971
202605020406,16,チームユートピア,田辺,460(0),301.6,0.0033046926635822865
202605020407,1,馬名,騎手,"馬体重
(増減)",3.4,0.22727272727272727
202605020407,2,リーゼントジェイド,松岡,476(0),4.5,0.18181818181818182
202605020407,3,スマートブル,木幡初,504(+10),5.4,0.15625
202605020407,4,ディープキング,西塚,476(-10),6.5,0.13333333333333333
202605020407,5,レッドルイナール,▲佐藤,468(-6),7.5,0.11764705882352941
202605020407,6,カンレイスキー,江田照,482(-16),17.0,0.05555555555555555
202605020407,7,カルフ,原,480(+4),17.6,0.05376344086021505
202605020407,8,スクレイピング,岩田康,494(-14),18.0,0.05263157894736842
202605020407,9,ヴォラーレ,木幡育,418(-6),27.2,0.03546099290780142
202605020407,10,コーシューパンジャ,△長浜,506(0),53.9,0.018214936247723135
202605020407,16,ライズトゥザトップ,木幡巧,502(+2),57.6,0.017064846416382253
202605020407,11,レッドベルダンス,嶋田,480(0),59.1,0.016638935108153077
202605020407,12,マテンロウノカゼ,横山典,484(0),68.0,0.014492753623188406
202605020407,13,ミスティマウンテン,荻野極,456(+2),116.3,0.008525149190110827
202605020407,14,ボーヌロマネ,北村宏,466(0),223.6,0.004452359750667854
202605020407,15,ビービーバザーク,浜中,484(+2),399.4,0.0024975024975024975
202605020408,1,馬名,騎手,"馬体重
(増減)",2.8,0.2631578947368421
202605020408,2,アージェント,木幡巧,532(-30),4.1,0.19607843137254904
202605020408,3,コムユンプリュム,佐々木,428(-4),5.0,0.16666666666666666
202605020408,4,ウィンターベル,ディー,494(0),5.3,0.15873015873015872
202605020408,5,ダノンエンブレム,荻野極,452(-12),7.2,0.12195121951219513
202605020408,6,ウインルピナス,△長浜,450(+6),18.0,0.05263157894736842
202605020408,7,ホークマン,★谷原,492(-2),20.4,0.04672897196261683
202605020408,10,ハリウッドパーク,団野,510(-2),32.1,0.030211480362537763
202605020408,8,コンテネレッツア,大野,480(-4),39.7,0.02457002457002457
202605020408,9,ダノンブギ,横山和,470(-4),131.5,0.007547169811320755
202605020409,1,馬名,騎手,"馬体重
(増減)",5.0,0.16666666666666666
202605020409,2,スパークリシャール,横山和,486(-2),5.3,0.15873015873015872
202605020409,3,マルチャン,小崎,488(+12),5.5,0.15384615384615385
202605020409,4,マイネルトルファン,柴田大,518(+2),9.1,0.09900990099009901
202605020409,5,フクノブルーレイク,松岡,460(+2),9.7,0.09345794392523366
202605020409,6,アスクセクシーモア,岩田康,480(+6),9.9,0.09174311926605504
202605020409,7,トラマンダーレ,団野,508(-8),11.7,0.07874015748031496
202605020409,8,キャントウェイト,石橋脩,480(+4),13.0,0.07142857142857142
202605020409,9,ミッキーゴールド,菅原明,498(+4),19.1,0.04975124378109452
202605020409,10,キュクヌス,高杉,450(-2),27.4,0.035211267605633804
202605020409,11,キングノジョー,佐々木,456(0),37.9,0.02570694087403599
202605020409,12,ヴァリディシームス,ディー,494(0),45.0,0.021739130434782608
202605020409,13,ホウオウアートマン,田辺,470(-2),49.1,0.01996007984031936
202605020409,14,エゾダイモン,浜中,470(-4),50.6,0.01937984496124031
202605020409,15,イケイケドンドン,木幡巧,486(+8),72.6,0.013586956521739132
202605020409,19,モズロックンロール,西塚,524(+6),113.2,0.008756567425569177
202605020409,16,ログラール,横山武,474(0),126.7,0.007830853563038372
202605020409,17,チルカーノ,原,480(+6),131.2,0.007564296520423602
202605020409,18,ユキワリザクラ,三浦,478(+2),156.8,0.0063371356147021544
202605020410,1,馬名,騎手,"馬体重
(増減)",4.7,0.17543859649122806
202605020410,2,メイショウフンジン,石橋脩,512(-8),5.1,0.1639344262295082
202605020410,3,メイショウズイウン,浜中,504(+2),5.5,0.15384615384615385
202605020410,4,ダイシンピスケス,横山和,518(+8),6.0,0.14285714285714285
202605020410,5,ロードプレジール,岩田康,512(+6),9.1,0.09900990099009901
202605020410,6,ゼットリアン,団野,448(0),10.2,0.08928571428571429
202605020410,7,ピカピカサンダー,三浦,506(+8),15.8,0.05952380952380952
202605020410,8,アムールドパリ,佐々木,448(-4),16.1,0.05847953216374269
202605020410,9,クールミラボー,横山武,508(+2),17.0,0.05555555555555555
202605020410,10,ハギノサステナブル,高杉,486(+2),35.2,0.027624309392265192
202605020410,11,レヴォントゥレット,菅原明,492(0),35.4,0.027472527472527472
202605020410,17,キョウキランブ,北村宏,524(-2),51.5,0.01904761904761905
202605020410,12,サクラトップリアル,大野,526(+16),62.0,0.015873015873015872
202605020410,13,リアレスト,田辺,526(0),73.0,0.013513513513513514
202605020410,14,メイショウユズルハ,小崎,516(-4),112.5,0.00881057268722467
202605020410,15,タイトニット,荻野極,552(-4),146.4,0.006784260515603799
202605020410,16,レッドプロフェシー,原,484(-4),175.4,0.005668934240362812
202605020411,1,馬名,騎手,"馬体重
(増減)",2.5,0.2857142857142857
202605020411,2,ベルウッドクレド,大野,464(+10),6.0,0.14285714285714285
202605020411,3,レッドラージャ,西塚,514(+8),6.5,0.13333333333333333
202605020411,4,トーセンブリラーレ,長浜,510(+10),10.5,0.08695652173913043
202605020411,5,ヘイジュード,浜中,484(-2),12.5,0.07407407407407407
202605020411,6,ウィロークリーク,田辺,480(+4),13.1,0.07092198581560284
202605020411,7,マイネルクオリア,松岡,502(0),18.4,0.051546391752577324
202605020411,8,ヴィサージュ,横山典,506(+8),18.6,0.0510204081632653
202605020411,9,ボンドマティーニ,横山和,468(+2),21.2,0.04504504504504505
202605020411,10,マテンロウゼロ,石橋脩,470(+4),26.3,0.03663003663003663
202605020411,11,エーデルゼーレ,佐々木,460(-10),44.6,0.021929824561403508
202605020411,12,オルフセン,岩田康,492(+8),44.7,0.02188183807439825
202605020411,13,メイショウハチコウ,ディー,510(+2),54.8,0.01792114695340502
202605020411,16,ショウグンマサムネ,荻野極,478(+2),55.2,0.01779359430604982
202605020411,14,ジャスティンシカゴ,原,506(+6),64.2,0.015337423312883436
202605020411,15,ミッキージャンプ,菅原明,456(-10),92.0,0.010752688172043012
202605020412,1,馬名,騎手,"馬体重
(増減)",2.7,0.27027027027027023
202605020412,2,スムースベルベット,柴田大,504(0),5.3,0.15873015873015872
202605020412,3,クレイヴィンオナー,岩田康,528(-2),5.9,0.14492753623188406
202605020412,4,アオカミ,江田照,478(-8),7.6,0.11627906976744186
202605020412,5,ベンダバール,国分恭,482(+4),8.7,0.10309278350515465
202605020412,6,エイプリルインパリ,小崎,466(0),9.5,0.09523809523809523
202605020412,7,ルーフオブヘヴン,佐々木,478(+8),18.1,0.05235602094240837
202605020412,8,オコタンペ,ディー,490(-8),24.3,0.039525691699604744
202605020412,9,フォーワンセルフ,原,528(+4),30.7,0.031545741324921134
202605020412,10,レッドレナート,横山和,490(-4),56.9,0.017271157167530225
202605020412,14,アイアムイチバン,横山武,520(+4),59.0,0.016666666666666666
202605020412,11,アルジェンタージョ,▲佐藤,462(-2),63.6,0.015479876160990714
202605020412,12,タマモヴェナトル,△長浜,454(+6),69.3,0.01422475106685633
202605020412,13,シルフズミスチーフ,荻野極,456(-8),178.7,0.005564830272676684
202608030401,1,馬名,騎手,"馬体重
(増減)",2.8,0.2631578947368421
202608030401,2,キミガスキダ,松本,426(-2),3.5,0.2222222222222222
202608030401,3,ヤマニンコルザ,松若,444(0),3.5,0.2222222222222222
202608030401,4,パピプペピンク,酒井,446(0),7.3,0.12048192771084336
202608030401,16,マルモリキャスター,泉谷,494(0),16.9,0.0558659217877095
202608030401,5,タガノシルフィー,角田和,440(-2),23.9,0.040160642570281124
202608030401,6,メリオルヴィア,吉村,464(+2),26.6,0.036231884057971016
202608030401,7,スマッシング,幸,468(0),26.9,0.03584229390681004
202608030401,8,アマノガワギンガ,国分優,452(+4),54.2,0.018115942028985508
202608030401,9,ヴォメロ,池添,456(+4),61.1,0.01610305958132045
202608030401,10,ピカラ,岩田望,420(0),64.1,0.015360983102918589
202608030401,11,プリンセスアツコ,鮫島良,440(-5),92.1,0.010741138560687433
202608030401,12,ゴールドアテネ,菱田,458(+6),95.9,0.010319917440660475
202608030401,13,マーゴットクリュグ,秋山稔,452(+2),165.8,0.005995203836930456
202608030401,14,ストリートクイーン,松山,468(-8),216.2,0.004604051565377533
202608030401,15,クイーンザノリピー,Ｍデムーロ,494(+8),276.9,0.003598416696653473
202608030402,1,馬名,騎手,"馬体重
(増減)",4.1,0.19607843137254904
202608030402,2,フチサンチャチャ,岡田,462(+2),4.5,0.18181818181818182
202608030402,3,エクストラプッシュ,岩田望,534(+8),5.2,0.16129032258064516
202608030402,4,クリコバロー,酒井,492(+2),5.5,0.15384615384615385
202608030402,5,アスクハッピーマン,戸崎圭,488(-8),5.8,0.14705882352941177
202608030402,6,ポップアップ,吉村,472(-6),7.1,0.1234567901234568
202608030402,7,ジャストグレース,国分優作,494(-2),20.6,0.046296296296296294
202608030402,8,クリノリキオー,幸,526(0),24.1,0.0398406374501992
202608030402,13,メイショウサッソウ,加藤,420(-8),43.6,0.02242152466367713
202608030402,9,メイショウゴウケツ,太宰,498(-8),119.9,0.008271298593879239
202608030402,10,グランワールド,松山,480(+12),147.6,0.006729475100942127
202608030402,11,ヒラボクソライア,角田和,524(+2),195.3,0.005094243504839531
202608030402,12,グランシャン,菱田,542(+2),303.2,0.003287310979618672
202608030403,1,馬名,騎手,"馬体重
(増減)",2.0,0.3333333333333333
202608030403,2,スマートピクタス,国分優,430(0),4.3,0.18867924528301888
202608030403,3,デルマタイセツ,加藤,440(+8),6.5,0.13333333333333333
202608030403,4,ミリオンアップ,松本,446(-6),7.8,0.11363636363636363
202608030403,5,ウルダ,城戸,472(0),10.7,0.08547008547008547
202608030403,6,コイタマチャン,松山,490(-2),14.0,0.06666666666666667
202608030403,7,ジーティービキニ,北村友,506(+4),23.7,0.04048582995951417
202608030403,16,ヤマニンエルファバ,武豊,456(-6),24.9,0.03861003861003861
202608030403,8,セントピュアベース,酒井,412(+6),51.6,0.019011406844106463
202608030403,9,ゼルノードゥス,角田和,482(+6),66.5,0.014814814814814815
202608030403,10,スマートルヴァン,岩田望,450(-6),128.5,0.007722007722007722
202608030403,11,オヤツノジカン,幸,430(+8),296.9,0.0033568311513930854
202608030403,12,ウンナターシャ,鮫島駿,478(0),319.2,0.0031230480949406623
202608030403,13,プルーフリーディン,吉村,502(+8),399.8,0.00249500998003992
202608030403,14,トリビア,戸崎圭太,504(+8),434.9,0.0022941041523285156
202608030403,15,レザーアンドレース,松若,460(-8),521.2,0.0019149751053236306
202608030404,1,馬名,騎手,"馬体重
(増減)",2.2,0.3125
202608030404,2,ルクスユアン,幸,446(-2),4.5,0.18181818181818182
202608030404,3,アルディメント,岩田望,550(-10),5.0,0.16666666666666666
202608030404,4,シートゥサミット,酒井,518(+2),7.9,0.11235955056179775
202608030404,5,エアアルチーナ,松山,464(-2),10.0,0.09090909090909091
202608030404,6,ヴィスメンティス,松本,430(0),14.0,0.06666666666666667
202608030404,12,マジョレルブルー,レーン,478(0),21.0,0.045454545454545456
202608030404,7,スクランプシャス,鮫島駿,458(0),35.0,0.027777777777777776
202608030404,8,ダノンミッドナイト,川田,486(+2),38.9,0.025062656641604012
202608030404,9,パーヴォ,津村,440(-4),86.1,0.011481056257175661
202608030404,10,グロートカイザー,国分優,436(-2),92.5,0.0106951871657754
202608030404,11,ヴィラジョヴィス,北村友,488(0),228.9,0.004349717268377556
202608030405,1,馬名,騎手,"馬体重
(増減)",3.1,0.24390243902439027
202608030405,2,サイレントワルツ,川須,404(+6),3.5,0.2222222222222222
202608030405,3,テンダーワーズ,北村友,444(+10),4.8,0.1724137931034483
202608030405,4,ジーティーウタマロ,戸崎圭,464(0),5.5,0.15384615384615385
202608030405,5,ロスニーニョス,国分優作,466(+2),9.6,0.09433962264150944
202608030405,6,スノースケープ,川田,466(0),12.2,0.07575757575757576
202608030405,7,リノルアナ,酒井,464(+4),21.6,0.04424778761061947
202608030405,12,リン,岩田望,456(-10),57.4,0.017123287671232876
202608030405,8,ラミエルノムスコ,武豊,486(0),57.9,0.01697792869269949
202608030405,9,メイショウショカツ,幸,440(-2),126.1,0.007867820613690008
202608030405,10,オックスアイ,吉村,508(+2),240.6,0.0041390728476821195
202608030405,11,ビロングトゥミー,松山,436(0),277.9,0.0035855145213338118
202608030406,1,馬名,騎手,"馬体重
(増減)",2.2,0.3125
202608030406,2,テーオーパーセル,松山,456(+6),3.2,0.23809523809523808
202608030406,3,プレダトゥール,秋山稔,452(-4),6.9,0.12658227848101264
202608030406,4,ゼロヴィジビリティ,ルメール,506(0),9.5,0.09523809523809523
202608030406,5,ナムラダリア,幸,434(-10),12.2,0.07575757575757576
202608030406,6,マーゴットサンズ,鮫島駿,476(-4),13.0,0.07142857142857142
202608030406,17,バトゥカーダ,川須,490(+4),23.4,0.04098360655737705
202608030406,7,エルリオ,角田和,432(-4),71.6,0.013774104683195593
202608030406,8,ヒナノムサシ,池添,522(-4),84.8,0.011655011655011656
202608030406,9,ブロンテス,太宰啓介,478(+2),89.3,0.01107419712070875
202608030406,10,フリッシュ,藤懸,484(-4),97.2,0.010183299389002037
202608030406,11,アイカンアズーラ,酒井,428(-4),97.2,0.010183299389002037
202608030406,12,ハグレジョー,菱田,490(-8),106.5,0.009302325581395349
202608030406,13,ヘリテージブルーム,戸崎圭,456(-4),138.3,0.007178750897343862
202608030406,14,クラックショット,国分優,464(-2),146.0,0.006802721088435374
202608030406,15,ブルズアイプリンス,松本,432(+4),357.8,0.0027870680044593085
202608030406,16,タイセイモノリス,津村,480(-2),373.9,0.002667377967457989
202608030407,1,馬名,騎手,"馬体重
(増減)",1.4,0.4166666666666667
202608030407,2,ボナペティアスク,川須,460(+2),3.5,0.2222222222222222
202608030407,9,アンビアンス,吉村,454(+4),6.9,0.12658227848101264
202608030407,3,ヴェストラン,太宰,448(+2),7.1,0.1234567901234568
202608030407,4,テレプシコーラ,国分優,426(+14),19.4,0.04901960784313726
202608030407,5,サラコスティ,レーン,474(+2),22.8,0.04201680672268907
202608030407,6,レイデラティエラ,松若,474(+4),25.3,0.03802281368821293
202608030407,7,ジェロニモス,岩田望,494(+2),60.4,0.016286644951140065
202608030407,8,タンテドヴィーヴル,ルメール,500(+2),145.5,0.006825938566552901
202608030408,1,馬名,騎手,"馬体重
(増減)",3.6,0.2173913043478261
202608030408,2,ペイドラロワール,吉村,472(-4),5.0,0.16666666666666666
202608030408,3,タイキヴァンクール,幸,528(0),5.1,0.1639344262295082
202608030408,4,メイショウミリオレ,武豊,492(+2),5.9,0.14492753623188406
202608030408,5,アスクキングコング,荻野琢,462(-2),10.4,0.08771929824561403
202608030408,6,ブルボンクイーン,角田和,490(-12),12.2,0.07575757575757576
202608030408,7,バシレウスシチー,菱田,458(-2),16.9,0.0558659217877095
202608030408,8,マジカルフェアリー,岩田望,450(+14),27.5,0.03508771929824561
202608030408,9,サディーク,松若,440(+2),27.9,0.03460207612456748
202608030408,10,アオイレーギーナ,池添,484(-6),30.2,0.032051282051282055
202608030408,11,ミロワール,酒井学,476(0),31.4,0.0308641975308642
202608030408,12,アタリダイキチ,津村,486(+2),59.9,0.016420361247947456
202608030408,16,カリーシ,戸崎圭,454(-4),71.3,0.013831258644536654
202608030408,13,モズアンタレス,北村友,514(+10),109.2,0.009074410163339383
202608030408,14,アストラカ,藤懸,490(+2),114.3,0.008673026886383347
202608030408,15,タガノアンファン,川田,482(+8),219.2,0.004541326067211626
202608030409,1,馬名,騎手,"馬体重
(増減)",1.5,0.4
202608030409,2,ヒデノレインボー,吉村,506(-8),5.0,0.16666666666666666
202608030409,3,バトンインディ,幸,474(+6),5.4,0.15625
202608030409,10,グランオース,角田和,520(-8),8.0,0.1111111111111111
202608030409,4,ジョータルマエ,鮫島良,496(+4),11.8,0.078125
202608030409,5,サパテアール,津村,530(+10),11.9,0.07751937984496124
202608030409,6,テーオーライマン,Ｄ．レーン,458(+2),41.9,0.023310023310023312
202608030409,7,レヴァンテシチー,松山,488(-2),75.1,0.01314060446780552
202608030409,8,シュプリンガー,国分優,506(+4),97.6,0.010141987829614604
202608030409,9,サンライズバレット,鮫島駿,510(-4),124.6,0.007961783439490446
202608030410,1,馬名,騎手,"馬体重
(増減)",2.8,0.2631578947368421
202608030410,2,バンドシェル,鮫島駿,490(-4),4.3,0.18867924528301888
202608030410,3,サウスバンク,酒井,486(-6),4.6,0.17857142857142858
202608030410,4,ルシード,北村友,500(-8),11.6,0.07936507936507936
202608030410,5,レッドエヴァンス,ルメール,498(+10),13.1,0.07092198581560284
202608030410,6,メイショウピース,松山,480(+4),16.5,0.05714285714285714
202608030410,7,ダークエクリプス,荻野琢,500(+2),20.8,0.04587155963302752
202608030410,8,アンビバレント,岩田望,476(-2),25.2,0.03816793893129771
202608030410,19,トーセントラム,秋山稔,446(-4),30.0,0.03225806451612903
202608030410,9,ドゥアムール,角田和,482(-2),30.9,0.031347962382445145
202608030410,10,コウセキ,レーン,482(-4),51.6,0.019011406844106463
202608030410,11,ジャスパーノワール,松若,512(-2),53.2,0.01845018450184502
202608030410,12,ブラックケリー,菱田,430(-2),55.9,0.01757469244288225
202608030410,13,パクスロマーナ,池添,440(0),76.5,0.012903225806451613
202608030410,14,タガノシャーンス,川須,472(0),84.6,0.011682242990654207
202608030410,15,エヴァンスウィート,武豊,438(-4),112.4,0.008818342151675485
202608030410,16,トーラスシャイン,松本,484(+10),112.6,0.008802816901408451
202608030410,17,ディアドコス,吉村,494(-2),115.2,0.008605851979345954
202608030410,18,アスティスプマンテ,戸崎圭,440(+2),141.2,0.007032348804500704
202608030411,1,馬名,騎手,"馬体重
(増減)",1.8,0.35714285714285715
202608030411,2,ヴェルミセル,鮫島駿,470(前計不),3.0,0.25
202608030411,3,サンライズソレイユ,池添,526(-6),5.0,0.16666666666666666
202608030411,16,ヴェルテンベルク,松若,492(+6),12.3,0.07518796992481203
202608030411,4,アドマイヤテラ,武豊,500(-4),26.4,0.03649635036496351
202608030411,5,アクアヴァーナル,松山,478(0),28.2,0.03424657534246575
202608030411,6,ケイアイサンデラ,藤懸,442(+16),30.2,0.032051282051282055
202608030411,7,エヒト,川田,466(-4),45.4,0.021551724137931036
202608030411,8,クロワデュノール,北村友,514(-8),64.7,0.015220700152207
202608030411,9,シンエンペラー,岩田望,508(前計不),111.6,0.008880994671403198
202608030411,10,プレシャスデイ,吉村,502(-2),143.3,0.00693000693000693
202608030411,11,マイネルカンパーナ,津村,418(-4),147.4,0.0067385444743935305
202608030411,12,タガノデュード,Ｄ．レーン,502(+2),208.4,0.004775549188156638
202608030411,13,ヘデントール,ルメール,482(0),223.9,0.004446420631391729
202608030411,14,ミステリーウェイ,松本,506(+6),270.9,0.003677822728944465
202608030411,15,ホーエリート,戸崎圭,482(-4),308.4,0.0032320620555914676
202608030412,1,馬名,騎手,"馬体重
(増減)",4.1,0.19607843137254904
202608030412,2,ゴールデンオスカー,松若風馬,496(-10),4.6,0.17857142857142858
202608030412,3,クロニクル,菱田,516(0),5.5,0.15384615384615385
202608030412,4,ナッカーフェイス,秋山稔,454(-16),7.1,0.1234567901234568
202608030412,5,レイズカイザー,吉村,530(-4),11.8,0.078125
202608030412,6,ハクサンアイリス,岩田望,490(+6),14.5,0.06451612903225806
202608030412,7,ルシフェル,松山,516(+2),17.9,0.052910052910052914
202608030412,8,ゴッドブルービー,角田和,470(-8),22.8,0.04201680672268907
202608030412,9,サンダーバース,幸,474(+2),22.9,0.041841004184100423
202608030412,10,ゲキザル,小林脩,482(-4),24.8,0.03875968992248062
202608030412,11,スニーカースキル,鮫島駿,498(0),28.8,0.03355704697986577
202608030412,12,テイエムヒショウ,川須,510(0),34.4,0.02824858757062147
202608030412,13,トラペジスト,北村友,552(+6),36.8,0.026455026455026457
202608030412,14,ハワイアンタイム,太宰,498(-2),47.0,0.020833333333333332
202608030412,17,ヤマニンアストロン,武豊,502(0),73.2,0.013477088948787061
202608030412,15,マッシャーブルム,高倉,530(+10),74.6,0.013227513227513229
202608030412,16,テーオールビー,藤懸,462(+2),79.5,0.012422360248447204
