race_id,horse,odds,jockey,score
202604010201,馬名,50.0,騎手,0.02
202604010201,オートカリテ,50.0,富田,0.02
202604010201,トレンドラド,50.0,▲石田,0.02
202604010201,サウンドファミリエ,50.0,石川,0.02
202604010201,フィールライクユー,50.0,△舟山,0.02
202604010201,ティンブロポップ,50.0,ゴンサルベ,0.02
202604010201,ピアス,50.0,丸山,0.02
202604010201,リベルタアーラ,50.0,▲石神道,0.02
202604010201,ワイドバヴァール,50.0,亀田,0.02
202604010201,コスモエーヴィヒ,50.0,菊沢,0.02
202604010201,マサハヤルージュ,50.0,▲和田陽,0.02
202604010201,チョコスコーン,50.0,△田山,0.02
202604010201,キコリータ,50.0,小沢,0.02
202604010201,ソフィア,50.0,丹内,0.02
202604010201,フロンテアムーン,50.0,▲上里,0.02
202604010201,ミズノミヤコ,50.0,★河原田,0.02
202604010201,オモイヲノセテ,50.0,横山琉,0.02
202604010201,ミズノ,50.0,不明,0.02
202604010201,オート,50.0,不明,0.02
202604010201,ピアス,50.0,不明,0.02
202604010201,ソフィ,50.0,不明,0.02
202604010201,ワイド,50.0,不明,0.02
202604010201,マサハ,50.0,不明,0.02
202604010201,オモイ,50.0,不明,0.02
202604010201,トレン,50.0,不明,0.02
202604010201,サウン,50.0,不明,0.02
202604010201,キコリ,50.0,不明,0.02
202604010201,チョコ,50.0,不明,0.02
202604010201,フロン,50.0,不明,0.02
202604010201,リベル,50.0,不明,0.02
202604010201,コスモ,50.0,不明,0.02
202604010201,ティン,50.0,不明,0.02
202604010201,フィー,50.0,不明,0.02
202604010202,馬名,50.0,騎手,0.02
202604010202,オセアフェアモント,50.0,黛,0.02
202604010202,ブレイシオン,50.0,野中,0.02
202604010202,ニシノアオニヨシ,50.0,▲水沼,0.02
202604010202,クイーンオブハート,50.0,★河原田,0.02
202604010202,ウイングラナート,50.0,▲遠藤,0.02
202604010202,スカット,50.0,▲上里,0.02
202604010202,ビスケットアソート,50.0,富田,0.02
202604010202,ナムラソラン,50.0,△柴田裕,0.02
202604010202,トーセンシーギリヤ,50.0,原田和,0.02
202604010202,ミスタートントン,50.0,▲石神道,0.02
202604010202,キタノレクレドール,50.0,▲川端,0.02
202604010202,ヘヴンズドライブ,50.0,ゴンサルベ,0.02
202604010202,エコロボルト,50.0,丸山,0.02
202604010202,ナムラステラ,50.0,丹内,0.02
202604010202,ポッドスモーカー,50.0,▲大久保,0.02
202604010202,エコロ,50.0,不明,0.02
202604010202,ミスタ,50.0,不明,0.02
202604010202,ビスケ,50.0,不明,0.02
202604010202,スカッ,50.0,不明,0.02
202604010202,ナムラ,50.0,不明,0.02
202604010202,ナムラ,50.0,不明,0.02
202604010202,トーセ,50.0,不明,0.02
202604010202,ヘヴン,50.0,不明,0.02
202604010202,キタノ,50.0,不明,0.02
202604010202,ポッド,50.0,不明,0.02
202604010202,ブレイ,50.0,不明,0.02
202604010202,オセア,50.0,不明,0.02
202604010202,クイー,50.0,不明,0.02
202604010202,ウイン,50.0,不明,0.02
202604010202,ニシノ,50.0,不明,0.02
202604010203,馬名,50.0,騎手,0.02
202604010203,シーンオブドリーム,50.0,斎藤,0.02
202604010203,レジェルテ,50.0,▲和田陽,0.02
202604010203,タロ,50.0,△田山,0.02
202604010203,リュウゴピュア,50.0,▲大久保,0.02
202604010203,ユイアンゴロー,50.0,原田和,0.02
202604010203,コイオステソーロ,50.0,丹内,0.02
202604010203,ブリックアブラック,50.0,武藤,0.02
202604010203,トコトコクマチ,50.0,△柴田裕,0.02
202604010203,ファフロツキーズ,50.0,富田,0.02
202604010203,サマーナジュム,50.0,中井,0.02
202604010203,ボールドタワー,50.0,横山琉,0.02
202604010203,サルサブラヴァ,50.0,石川,0.02
202604010203,モアザンファイア,50.0,◇今村,0.02
202604010203,カシノスパーク,50.0,▲石神道,0.02
202604010203,タロ,50.0,不明,0.02
202604010203,コイオ,50.0,不明,0.02
202604010203,サルサ,50.0,不明,0.02
202604010203,ボール,50.0,不明,0.02
202604010203,レジェ,50.0,不明,0.02
202604010203,カシノ,50.0,不明,0.02
202604010203,シーン,50.0,不明,0.02
202604010203,ユイア,50.0,不明,0.02
202604010203,ブリッ,50.0,不明,0.02
202604010203,ファフ,50.0,不明,0.02
202604010203,サマー,50.0,不明,0.02
202604010203,モアザ,50.0,不明,0.02
202604010203,リュウ,50.0,不明,0.02
202604010203,トコト,50.0,不明,0.02
202604010204,馬名,50.0,騎手,0.02
202604010204,メイショウソウセキ,50.0,難波,0.02
202604010204,クレプスクルム,50.0,五十嵐,0.02
202604010204,ピスタ,50.0,小坂,0.02
202604010204,ヴェルトラウム,50.0,大江圭,0.02
202604010204,コレペティトール,50.0,▲井上,0.02
202604010204,イーサンバーニング,50.0,田村,0.02
202604010204,モズナイスバディー,50.0,森一,0.02
202604010204,メイショウカゼマチ,50.0,黒岩,0.02
202604010204,フォルガイル,50.0,▲水沼,0.02
202604010204,サングラデーション,50.0,上野,0.02
202604010204,キャネル,50.0,▲坂口,0.02
202604010204,グランジョルノ,50.0,伴,0.02
202604010204,ランフォースマイル,50.0,中村,0.02
202604010204,イデアユウシン,50.0,草野,0.02
202604010205,馬名,50.0,騎手,0.02
202604010205,アスクブームキセキ,50.0,▲和田陽,0.02
202604010205,モンロワイヤル,50.0,斎藤,0.02
202604010205,ラップトップ,50.0,▲森田,0.02
202604010205,レインボーステート,50.0,△舟山,0.02
202604010205,ジワタネホ,50.0,▲小林美,0.02
202604010205,アイルドゥレーヴェ,50.0,△田山,0.02
202604010205,バーバラップ,50.0,富田,0.02
202604010205,ランスオブラヴ,50.0,△柴田裕,0.02
202604010205,ルーリングクラス,50.0,丸山,0.02
202604010205,ウインアイルグロウ,50.0,石川,0.02
202604010205,ワールドブレイヴ,50.0,菊沢,0.02
202604010205,ヴォーゲ,50.0,丹内,0.02
202604010205,ダイユウヴェンティ,50.0,小沢,0.02
202604010205,ファインブライト,50.0,杉原,0.02
202604010205,アスク,50.0,不明,0.02
202604010205,モンロ,50.0,不明,0.02
202604010205,ランス,50.0,不明,0.02
202604010205,レイン,50.0,不明,0.02
202604010205,ラップ,50.0,不明,0.02
202604010205,ジワタ,50.0,不明,0.02
202604010205,アイル,50.0,不明,0.02
202604010205,ルーリ,50.0,不明,0.02
202604010205,ワール,50.0,不明,0.02
202604010205,ファイ,50.0,不明,0.02
202604010205,ヴォー,50.0,不明,0.02
202604010205,ダイユ,50.0,不明,0.02
202604010205,バーバ,50.0,不明,0.02
202604010205,ウイン,50.0,不明,0.02
202604010206,馬名,50.0,騎手,0.02
202604010206,ゴッドヴァレー,50.0,△田山,0.02
202604010206,ロックウイズユー,50.0,△柴田裕,0.02
202604010206,ワンダーウィルク,50.0,▲和田陽,0.02
202604010206,トーアケルキラ,50.0,▲石田,0.02
202604010206,ラファミリア,50.0,▲森田,0.02
202604010206,プロスペクト,50.0,△鷲頭,0.02
202604010206,アスタールテニウム,50.0,◇永島,0.02
202604010206,コスモシェルベット,50.0,▲石神道,0.02
202604010206,ヤマカツレオン,50.0,▲川端,0.02
202604010206,ラストレガシー,50.0,△舟山,0.02
202604010206,ノーブルアクト,50.0,▲水沼,0.02
202604010206,ハイケンス,50.0,★河原田,0.02
202604010206,ノーブルミステリー,50.0,▲小林美,0.02
202604010206,トーア,50.0,不明,0.02
202604010206,ラファ,50.0,不明,0.02
202604010206,コスモ,50.0,不明,0.02
202604010206,ハイケ,50.0,不明,0.02
202604010206,ワンダ,50.0,不明,0.02
202604010206,ラスト,50.0,不明,0.02
202604010206,ゴッド,50.0,不明,0.02
202604010206,ロック,50.0,不明,0.02
202604010206,アスタ,50.0,不明,0.02
202604010206,プロス,50.0,不明,0.02
202604010206,ヤマカ,50.0,不明,0.02
202604010206,ノーブ,50.0,不明,0.02
202604010206,ノーブ,50.0,不明,0.02
202604010207,馬名,50.0,騎手,0.02
202604010207,メランジェ,50.0,丹内,0.02
202604010207,ウインレオネッサ,50.0,△田山,0.02
202604010207,マーゴットカーラ,50.0,△舟山,0.02
202604010207,ストレイトアスク,50.0,▲和田陽,0.02
202604010207,ラブリーガール,50.0,武藤,0.02
202604010207,デュアルアップ,50.0,◇今村,0.02
202604010207,ラヴスコール,50.0,斎藤,0.02
202604010207,ココボロ,50.0,野中,0.02
202604010207,ルージュベルベット,50.0,ゴンサルベ,0.02
202604010207,キタノクニカラ,50.0,▲遠藤,0.02
202604010207,ユメシバイ,50.0,▲小林美,0.02
202604010207,ロンドンアームズ,50.0,菊沢,0.02
202604010207,ベルサ,50.0,◇永島,0.02
202604010207,マリーヌ,50.0,亀田,0.02
202604010207,ルージュナリッシュ,50.0,石川,0.02
202604010207,ラブカムーン,50.0,★河原田,0.02
202604010207,ベルサ,50.0,不明,0.02
202604010207,ストレ,50.0,不明,0.02
202604010207,マリー,50.0,不明,0.02
202604010207,ウイン,50.0,不明,0.02
202604010207,マーゴ,50.0,不明,0.02
202604010207,ラブリ,50.0,不明,0.02
202604010207,キタノ,50.0,不明,0.02
202604010207,ロンド,50.0,不明,0.02
202604010207,メラン,50.0,不明,0.02
202604010207,ルージ,50.0,不明,0.02
202604010207,ラブカ,50.0,不明,0.02
202604010207,ラヴス,50.0,不明,0.02
202604010207,ユメシ,50.0,不明,0.02
202604010207,ルージ,50.0,不明,0.02
202604010207,デュア,50.0,不明,0.02
202604010207,ココボ,50.0,不明,0.02
202604010208,馬名,50.0,騎手,0.02
202604010208,スターエンブレム,50.0,横山琉,0.02
202604010208,サンピアノソナタ,50.0,▲上里,0.02
202604010208,アンドローゼス,50.0,丸山,0.02
202604010208,マドモアゼルアスク,50.0,小沢,0.02
202604010208,ナムラブーニン,50.0,吉田隼,0.02
202604010208,マイネルアレス,50.0,丹内,0.02
202604010208,ミエノフェアリー,50.0,△舟山,0.02
202604010208,ケイツークローン,50.0,菊沢,0.02
202604010208,サトノシャルレーヌ,50.0,△田山,0.02
202604010208,クラウドセイル,50.0,▲遠藤,0.02
202604010208,グランツローゼ,50.0,▲森田,0.02
202604010208,レゼールドラペ,50.0,▲石神道,0.02
202604010208,マドモ,50.0,不明,0.02
202604010208,サトノ,50.0,不明,0.02
202604010208,スター,50.0,不明,0.02
202604010208,マイネ,50.0,不明,0.02
202604010208,アンド,50.0,不明,0.02
202604010208,ナムラ,50.0,不明,0.02
202604010208,レゼー,50.0,不明,0.02
202604010208,サンピ,50.0,不明,0.02
202604010208,ミエノ,50.0,不明,0.02
202604010208,ケイツ,50.0,不明,0.02
202604010208,クラウ,50.0,不明,0.02
202604010208,グラン,50.0,不明,0.02
202604010209,馬名,50.0,騎手,0.02
202604010209,ルージュマローネ,50.0,杉原,0.02
202604010209,メイショウリリー,50.0,横山琉,0.02
202604010209,コンアフェット,50.0,斎藤,0.02
202604010209,レイバックスピン,50.0,丹内,0.02
202604010209,シンボリノエル,50.0,菊沢,0.02
202604010209,フローラルセント,50.0,川端,0.02
202604010209,ベルイストワール,50.0,小沢,0.02
202604010209,ステアハート,50.0,田山,0.02
202604010209,マハナ,50.0,石川,0.02
202604010209,サイモンコーラル,50.0,柴田裕,0.02
202604010209,プウスカンドゥール,50.0,中井,0.02
202604010209,サンコンクエスト,50.0,丸山,0.02
202604010209,サンコ,50.0,不明,0.02
202604010209,レイバ,50.0,不明,0.02
202604010209,ステア,50.0,不明,0.02
202604010209,ルージ,50.0,不明,0.02
202604010209,コンア,50.0,不明,0.02
202604010209,フロー,50.0,不明,0.02
202604010209,シンボ,50.0,不明,0.02
202604010209,サイモ,50.0,不明,0.02
202604010209,ベルイ,50.0,不明,0.02
202604010209,プウス,50.0,不明,0.02
202604010209,マハナ,50.0,不明,0.02
202604010209,メイシ,50.0,不明,0.02
202604010210,馬名,50.0,騎手,0.02
202604010210,クールベイビー,50.0,丸山,0.02
202604010210,マルプリ,50.0,ゴンサルベ,0.02
202604010210,ペイシャヴァルツー,50.0,川端,0.02
202604010210,ヒラボクミニー,50.0,舟山,0.02
202604010210,エクセルゴールド,50.0,杉原,0.02
202604010210,クリノハレルヤ,50.0,和田陽,0.02
202604010210,イスラコラソン,50.0,今村,0.02
202604010210,ハニーローリエ,50.0,菊沢,0.02
202604010210,ヴェナートル,50.0,武藤,0.02
202604010210,ホークレア,50.0,横山琉,0.02
202604010210,ララアヴリル,50.0,森田,0.02
202604010210,リリーフィールド,50.0,富田,0.02
202604010210,ラトルシェ,50.0,丹内,0.02
202604010210,タミゼ,50.0,田山,0.02
202604010210,スペルキャスター,50.0,小林凌,0.02
202604010210,カウンターセブン,50.0,小林美,0.02
202604010210,クール,50.0,不明,0.02
202604010210,ララア,50.0,不明,0.02
202604010210,ペイシ,50.0,不明,0.02
202604010210,イスラ,50.0,不明,0.02
202604010210,ヴェナ,50.0,不明,0.02
202604010210,カウン,50.0,不明,0.02
202604010210,ヒラボ,50.0,不明,0.02
202604010210,クリノ,50.0,不明,0.02
202604010210,ハニー,50.0,不明,0.02
202604010210,リリー,50.0,不明,0.02
202604010210,タミゼ,50.0,不明,0.02
202604010210,ラトル,50.0,不明,0.02
202604010210,スペル,50.0,不明,0.02
202604010210,ホーク,50.0,不明,0.02
202604010210,マルプ,50.0,不明,0.02
202604010210,エクセ,50.0,不明,0.02
202604010211,馬名,50.0,騎手,0.02
202604010211,エコロガイア,50.0,中井,0.02
202604010211,ポールセン,50.0,丹内,0.02
202604010211,ショウナンアビアス,50.0,ゴンサルベ,0.02
202604010211,ブレーザー,50.0,斎藤,0.02
202604010211,レアンダー,50.0,亀田,0.02
202604010211,サフランヒーロー,50.0,黛,0.02
202604010211,エスカル,50.0,丸山,0.02
202604010211,サンライズパスカル,50.0,富田,0.02
202604010211,ボディブロー,50.0,田山,0.02
202604010211,ユキマル,50.0,石川,0.02
202604010211,アルムラトゥール,50.0,横山琉,0.02
202604010211,スリーピース,50.0,吉田隼,0.02
202604010211,エティエンヌ,50.0,長岡,0.02
202604010211,グッジョブ,50.0,菊沢,0.02
202604010211,ルディック,50.0,小沢,0.02
202604010211,エコロ,50.0,不明,0.02
202604010211,ポール,50.0,不明,0.02
202604010211,ユキマ,50.0,不明,0.02
202604010211,ルディ,50.0,不明,0.02
202604010211,レアン,50.0,不明,0.02
202604010211,ボディ,50.0,不明,0.02
202604010211,ショウ,50.0,不明,0.02
202604010211,サフラ,50.0,不明,0.02
202604010211,サンラ,50.0,不明,0.02
202604010211,アルム,50.0,不明,0.02
202604010211,ブレー,50.0,不明,0.02
202604010211,エスカ,50.0,不明,0.02
202604010211,スリー,50.0,不明,0.02
202604010211,エティ,50.0,不明,0.02
202604010211,グッジ,50.0,不明,0.02
202604010212,馬名,50.0,騎手,0.02
202604010212,サイモンプレジール,50.0,▲森田,0.02
202604010212,ジャーニーメモリー,50.0,▲上里,0.02
202604010212,タケルハーロック,50.0,亀田,0.02
202604010212,バルジール,50.0,吉田隼,0.02
202604010212,フルドド,50.0,ゴンサルベ,0.02
202604010212,ダディーズアイル,50.0,△鷲頭,0.02
202604010212,クリノミニスター,50.0,丹内,0.02
202604010212,シュネーグロッケン,50.0,小沢,0.02
202604010212,ワンウェイトゥヘル,50.0,長岡,0.02
202604010212,リッキースタイル,50.0,△舟山,0.02
202604010212,スーパーバイザー,50.0,菊沢,0.02
202604010212,クインズメレンゲ,50.0,△田山,0.02
202604010212,アイファーファイト,50.0,的場,0.02
202604010212,ダイチラポール,50.0,◇永島,0.02
202604010212,サイコウダネ,50.0,★河原田,0.02
202604010212,クイン,50.0,不明,0.02
202604010212,ダディ,50.0,不明,0.02
202604010212,タケル,50.0,不明,0.02
202604010212,バルジ,50.0,不明,0.02
202604010212,ダイチ,50.0,不明,0.02
202604010212,フルド,50.0,不明,0.02
202604010212,リッキ,50.0,不明,0.02
202604010212,シュネ,50.0,不明,0.02
202604010212,ワンウ,50.0,不明,0.02
202604010212,クリノ,50.0,不明,0.02
202604010212,サイコ,50.0,不明,0.02
202604010212,ジャー,50.0,不明,0.02
202604010212,スーパ,50.0,不明,0.02
202604010212,サイモ,50.0,不明,0.02
202604010212,アイフ,50.0,不明,0.02
202605020401,馬名,50.0,騎手,0.02
202605020401,ウォータースパウト,50.0,高杉,0.02
202605020401,ルンベーラ,50.0,佐々木,0.02
202605020401,エフハリスト,50.0,横山和,0.02
202605020401,キャルキュラス,50.0,ディー,0.02
202605020401,アスパラゴ,50.0,大野,0.02
202605020401,グレープレモネード,50.0,松岡,0.02
202605020401,フレンチブラッサム,50.0,木幡巧,0.02
202605020401,アジャイブ,50.0,△長浜,0.02
202605020401,ディープマウンテン,50.0,木幡初,0.02
202605020401,シンデレラカラー,50.0,岩田康,0.02
202605020401,ライヴマルガリータ,50.0,石橋脩,0.02
202605020401,イデアクリスタル,50.0,横山武,0.02
202605020401,ブルーサーマル,50.0,原,0.02
202605020401,マウンテンドーター,50.0,柴田大,0.02
202605020401,メリティス,50.0,吉田豊,0.02
202605020401,ルンベ,50.0,不明,0.02
202605020401,メリテ,50.0,不明,0.02
202605020401,エフハ,50.0,不明,0.02
202605020401,アスパ,50.0,不明,0.02
202605020401,フレン,50.0,不明,0.02
202605020401,シンデ,50.0,不明,0.02
202605020401,ライヴ,50.0,不明,0.02
202605020401,イデア,50.0,不明,0.02
202605020401,ブルー,50.0,不明,0.02
202605020401,ウォー,50.0,不明,0.02
202605020401,キャル,50.0,不明,0.02
202605020401,ディー,50.0,不明,0.02
202605020401,グレー,50.0,不明,0.02
202605020401,アジャ,50.0,不明,0.02
202605020401,マウン,50.0,不明,0.02
202605020402,馬名,50.0,騎手,0.02
202605020402,マッシブショット,50.0,江田照,0.02
202605020402,キタノドンカルロ,50.0,柴田大,0.02
202605020402,リトルコリンズ,50.0,石橋脩,0.02
202605020402,キーチジャステン,50.0,△長浜,0.02
202605020402,レピュニット,50.0,ディー,0.02
202605020402,エメラルファイン,50.0,木幡巧,0.02
202605020402,ブルーミーティア,50.0,菅原明,0.02
202605020402,ハピナスター,50.0,松岡,0.02
202605020402,レオスキーム,50.0,原,0.02
202605020402,レイズレガシー,50.0,横山武,0.02
202605020402,ライカ,50.0,大野,0.02
202605020402,セツナサ,50.0,三浦,0.02
202605020402,プリプリプリン,50.0,▲佐藤,0.02
202605020402,マイネルテオドロス,50.0,高杉,0.02
202605020402,ネオシューマン,50.0,団野,0.02
202605020402,イントゥゴールデン,50.0,西塚,0.02
202605020402,マイネ,50.0,不明,0.02
202605020402,ブルー,50.0,不明,0.02
202605020402,レイズ,50.0,不明,0.02
202605020402,セツナ,50.0,不明,0.02
202605020402,レピュ,50.0,不明,0.02
202605020402,キタノ,50.0,不明,0.02
202605020402,マッシ,50.0,不明,0.02
202605020402,ライカ,50.0,不明,0.02
202605020402,ネオシ,50.0,不明,0.02
202605020402,レオス,50.0,不明,0.02
202605020402,リトル,50.0,不明,0.02
202605020402,キーチ,50.0,不明,0.02
202605020402,プリプ,50.0,不明,0.02
202605020402,ハピナ,50.0,不明,0.02
202605020402,イント,50.0,不明,0.02
202605020402,エメラ,50.0,不明,0.02
202605020403,馬名,50.0,騎手,0.02
202605020403,タイガーゲイト,50.0,木幡巧,0.02
202605020403,モズエムブイピー,50.0,横山武,0.02
202605020403,クラージュスター,50.0,横山和,0.02
202605020403,シャインネージュ,50.0,石橋脩,0.02
202605020403,タマモブレイキン,50.0,★谷原,0.02
202605020403,スティールヴォーグ,50.0,田辺,0.02
202605020403,カウガールハット,50.0,北村宏,0.02
202605020403,カシマライフウ,50.0,松岡,0.02
202605020403,アーデントアイ,50.0,高杉,0.02
202605020403,スターツトゥデイ,50.0,岩田康,0.02
202605020403,トワイライトビュー,50.0,原,0.02
202605020403,マサッチェハマー,50.0,ディー,0.02
202605020403,スティ,50.0,不明,0.02
202605020403,マサッ,50.0,不明,0.02
202605020403,タマモ,50.0,不明,0.02
202605020403,アーデ,50.0,不明,0.02
202605020403,タイガ,50.0,不明,0.02
202605020403,スター,50.0,不明,0.02
202605020403,シャイ,50.0,不明,0.02
202605020403,カシマ,50.0,不明,0.02
202605020403,トワイ,50.0,不明,0.02
202605020403,モズエ,50.0,不明,0.02
202605020403,クラー,50.0,不明,0.02
202605020403,カウガ,50.0,不明,0.02
202605020404,馬名,50.0,騎手,0.02
202605020404,モントゥリエ,50.0,田辺,0.02
202605020404,ダイヤテソーロ,50.0,石橋脩,0.02
202605020404,フリーヤ,50.0,横山武,0.02
202605020404,ワッフル,50.0,柴田大,0.02
202605020404,カテドラルクォーツ,50.0,原,0.02
202605020404,ベアサナエチャン,50.0,大野,0.02
202605020404,トウカイティエラ,50.0,▲佐藤,0.02
202605020404,カーブドフェザー,50.0,団野,0.02
202605020404,エルアン,50.0,△長浜,0.02
202605020404,シーサンタナ,50.0,嶋田,0.02
202605020404,ブルージンジャー,50.0,高杉,0.02
202605020404,ビップマリク,50.0,吉田豊,0.02
202605020404,ミアエッテ,50.0,岩田康,0.02
202605020404,ベストバラディア,50.0,木幡巧,0.02
202605020404,アドマイヤフク,50.0,ディー,0.02
202605020404,ケイツースクード,50.0,西塚,0.02
202605020404,レヴェランジェ,50.0,佐々木,0.02
202605020404,アームアンフルール,50.0,木幡初,0.02
202605020404,レヴェ,50.0,不明,0.02
202605020404,アドマ,50.0,不明,0.02
202605020404,ダイヤ,50.0,不明,0.02
202605020404,フリー,50.0,不明,0.02
202605020404,エルア,50.0,不明,0.02
202605020404,ビップ,50.0,不明,0.02
202605020404,ミアエ,50.0,不明,0.02
202605020404,ベスト,50.0,不明,0.02
202605020404,モント,50.0,不明,0.02
202605020404,カテド,50.0,不明,0.02
202605020404,ベアサ,50.0,不明,0.02
202605020404,アーム,50.0,不明,0.02
202605020404,ワッフ,50.0,不明,0.02
202605020404,トウカ,50.0,不明,0.02
202605020404,シーサ,50.0,不明,0.02
202605020404,ケイツ,50.0,不明,0.02
202605020404,カーブ,50.0,不明,0.02
202605020404,ブルー,50.0,不明,0.02
202605020405,馬名,50.0,騎手,0.02
202605020405,オメガディコン,50.0,岩田康,0.02
202605020405,イルミナジーティー,50.0,佐々木,0.02
202605020405,マジックオーラ,50.0,△長浜,0.02
202605020405,トランスマーレ,50.0,横山武,0.02
202605020405,ラヴィニアパーク,50.0,高杉,0.02
202605020405,ユマハム,50.0,三浦,0.02
202605020405,ルミナスレイナ,50.0,吉田豊,0.02
202605020405,ブルースパーダ,50.0,原,0.02
202605020405,ラインクインビー,50.0,木幡巧,0.02
202605020405,オープンザパンドラ,50.0,ディー,0.02
202605020405,アラムベイ,50.0,荻野極,0.02
202605020405,キタノタイキ,50.0,▲佐藤,0.02
202605020405,ブライスフェアリー,50.0,松岡,0.02
202605020405,サトノリアファル,50.0,北村宏,0.02
202605020405,キョンチャン,50.0,江田照,0.02
202605020405,ユマハ,50.0,不明,0.02
202605020405,オメガ,50.0,不明,0.02
202605020405,トラン,50.0,不明,0.02
202605020405,キョン,50.0,不明,0.02
202605020405,イルミ,50.0,不明,0.02
202605020405,ブルー,50.0,不明,0.02
202605020405,ルミナ,50.0,不明,0.02
202605020405,オープ,50.0,不明,0.02
202605020405,マジッ,50.0,不明,0.02
202605020405,ラヴィ,50.0,不明,0.02
202605020405,アラム,50.0,不明,0.02
202605020405,ライン,50.0,不明,0.02
202605020405,キタノ,50.0,不明,0.02
202605020405,ブライ,50.0,不明,0.02
202605020405,サトノ,50.0,不明,0.02
202605020406,馬名,50.0,騎手,0.02
202605020406,スーパーガール,50.0,▲佐藤,0.02
202605020406,ワンモメンタム,50.0,高杉,0.02
202605020406,アースインハマー,50.0,北村宏,0.02
202605020406,ムーランオランジュ,50.0,小崎,0.02
202605020406,ピュール,50.0,木幡巧,0.02
202605020406,タイセイブルーム,50.0,△長浜,0.02
202605020406,リフレックス,50.0,三浦,0.02
202605020406,トヨサカエ,50.0,吉田豊,0.02
202605020406,グラティアム,50.0,横山武,0.02
202605020406,ユキノグラス,50.0,佐々木,0.02
202605020406,ベルゼビュート,50.0,荻野極,0.02
202605020406,ゴディアンフィンチ,50.0,横山和,0.02
202605020406,パータリプトラ,50.0,岩田康,0.02
202605020406,フルミネブル,50.0,ディー,0.02
202605020406,チームユートピア,50.0,田辺,0.02
202605020406,アグネスクレスト,50.0,石橋脩,0.02
202605020406,リフレ,50.0,不明,0.02
202605020406,ゴディ,50.0,不明,0.02
202605020406,チーム,50.0,不明,0.02
202605020406,スーパ,50.0,不明,0.02
202605020406,ワンモ,50.0,不明,0.02
202605020406,パータ,50.0,不明,0.02
202605020406,ムーラ,50.0,不明,0.02
202605020406,タイセ,50.0,不明,0.02
202605020406,グラテ,50.0,不明,0.02
202605020406,ベルゼ,50.0,不明,0.02
202605020406,フルミ,50.0,不明,0.02
202605020406,アグネ,50.0,不明,0.02
202605020406,ピュー,50.0,不明,0.02
202605020406,ユキノ,50.0,不明,0.02
202605020406,アース,50.0,不明,0.02
202605020406,トヨサ,50.0,不明,0.02
202605020407,馬名,50.0,騎手,0.02
202605020407,リーゼントジェイド,50.0,松岡,0.02
202605020407,スマートブル,50.0,木幡初,0.02
202605020407,ディープキング,50.0,西塚,0.02
202605020407,レッドルイナール,50.0,▲佐藤,0.02
202605020407,カンレイスキー,50.0,江田照,0.02
202605020407,カルフ,50.0,原,0.02
202605020407,スクレイピング,50.0,岩田康,0.02
202605020407,ヴォラーレ,50.0,木幡育,0.02
202605020407,コーシューパンジャ,50.0,△長浜,0.02
202605020407,レッドベルダンス,50.0,嶋田,0.02
202605020407,マテンロウノカゼ,50.0,横山典,0.02
202605020407,ミスティマウンテン,50.0,荻野極,0.02
202605020407,ボーヌロマネ,50.0,北村宏,0.02
202605020407,ビービーバザーク,50.0,浜中,0.02
202605020407,ライズトゥザトップ,50.0,木幡巧,0.02
202605020407,ビービ,50.0,不明,0.02
202605020407,レッド,50.0,不明,0.02
202605020407,ディー,50.0,不明,0.02
202605020407,マテン,50.0,不明,0.02
202605020407,カンレ,50.0,不明,0.02
202605020407,カルフ,50.0,不明,0.02
202605020407,レッド,50.0,不明,0.02
202605020407,ボーヌ,50.0,不明,0.02
202605020407,ミステ,50.0,不明,0.02
202605020407,スマー,50.0,不明,0.02
202605020407,リーゼ,50.0,不明,0.02
202605020407,スクレ,50.0,不明,0.02
202605020407,ライズ,50.0,不明,0.02
202605020407,コーシ,50.0,不明,0.02
202605020407,ヴォラ,50.0,不明,0.02
202605020408,馬名,50.0,騎手,0.02
202605020408,アージェント,50.0,木幡巧,0.02
202605020408,コムユンプリュム,50.0,佐々木,0.02
202605020408,ウィンターベル,50.0,ディー,0.02
202605020408,ダノンエンブレム,50.0,荻野極,0.02
202605020408,ウインルピナス,50.0,△長浜,0.02
202605020408,ホークマン,50.0,★谷原,0.02
202605020408,コンテネレッツア,50.0,大野,0.02
202605020408,ダノンブギ,50.0,横山和,0.02
202605020408,ハリウッドパーク,50.0,団野,0.02
202605020408,コムユ,50.0,不明,0.02
202605020408,ダノン,50.0,不明,0.02
202605020408,ウィン,50.0,不明,0.02
202605020408,コンテ,50.0,不明,0.02
202605020408,ダノン,50.0,不明,0.02
202605020408,アージ,50.0,不明,0.02
202605020408,ウイン,50.0,不明,0.02
202605020408,ハリウ,50.0,不明,0.02
202605020408,ホーク,50.0,不明,0.02
202605020409,馬名,50.0,騎手,0.02
202605020409,スパークリシャール,50.0,横山和,0.02
202605020409,マルチャン,50.0,小崎,0.02
202605020409,マイネルトルファン,50.0,柴田大,0.02
202605020409,フクノブルーレイク,50.0,松岡,0.02
202605020409,アスクセクシーモア,50.0,岩田康,0.02
202605020409,トラマンダーレ,50.0,団野,0.02
202605020409,キャントウェイト,50.0,石橋脩,0.02
202605020409,ミッキーゴールド,50.0,菅原明,0.02
202605020409,キュクヌス,50.0,高杉,0.02
202605020409,キングノジョー,50.0,佐々木,0.02
202605020409,ヴァリディシームス,50.0,ディー,0.02
202605020409,ホウオウアートマン,50.0,田辺,0.02
202605020409,エゾダイモン,50.0,浜中,0.02
202605020409,イケイケドンドン,50.0,木幡巧,0.02
202605020409,ログラール,50.0,横山武,0.02
202605020409,チルカーノ,50.0,原,0.02
202605020409,ユキワリザクラ,50.0,三浦,0.02
202605020409,モズロックンロール,50.0,西塚,0.02
202605020409,ログラ,50.0,不明,0.02
202605020409,キュク,50.0,不明,0.02
202605020409,ホウオ,50.0,不明,0.02
202605020409,キング,50.0,不明,0.02
202605020409,ミッキ,50.0,不明,0.02
202605020409,ユキワ,50.0,不明,0.02
202605020409,マイネ,50.0,不明,0.02
202605020409,ヴァリ,50.0,不明,0.02
202605020409,フクノ,50.0,不明,0.02
202605020409,アスク,50.0,不明,0.02
202605020409,チルカ,50.0,不明,0.02
202605020409,モズロ,50.0,不明,0.02
202605020409,トラマ,50.0,不明,0.02
202605020409,エゾダ,50.0,不明,0.02
202605020409,キャン,50.0,不明,0.02
202605020409,イケイ,50.0,不明,0.02
202605020409,スパー,50.0,不明,0.02
202605020409,マルチ,50.0,不明,0.02
202605020410,馬名,50.0,騎手,0.02
202605020410,メイショウフンジン,50.0,石橋脩,0.02
202605020410,メイショウズイウン,50.0,浜中,0.02
202605020410,ダイシンピスケス,50.0,横山和,0.02
202605020410,ロードプレジール,50.0,岩田康,0.02
202605020410,ゼットリアン,50.0,団野,0.02
202605020410,ピカピカサンダー,50.0,三浦,0.02
202605020410,アムールドパリ,50.0,佐々木,0.02
202605020410,クールミラボー,50.0,横山武,0.02
202605020410,ハギノサステナブル,50.0,高杉,0.02
202605020410,レヴォントゥレット,50.0,菅原明,0.02
202605020410,サクラトップリアル,50.0,大野,0.02
202605020410,リアレスト,50.0,田辺,0.02
202605020410,メイショウユズルハ,50.0,小崎,0.02
202605020410,タイトニット,50.0,荻野極,0.02
202605020410,レッドプロフェシー,50.0,原,0.02
202605020410,キョウキランブ,50.0,北村宏,0.02
202605020410,レヴォ,50.0,不明,0.02
202605020410,キョウ,50.0,不明,0.02
202605020410,ピカピ,50.0,不明,0.02
202605020410,ダイシ,50.0,不明,0.02
202605020410,アムー,50.0,不明,0.02
202605020410,サクラ,50.0,不明,0.02
202605020410,タイト,50.0,不明,0.02
202605020410,ハギノ,50.0,不明,0.02
202605020410,レッド,50.0,不明,0.02
202605020410,ゼット,50.0,不明,0.02
202605020410,クール,50.0,不明,0.02
202605020410,メイシ,50.0,不明,0.02
202605020410,メイシ,50.0,不明,0.02
202605020410,ロード,50.0,不明,0.02
202605020410,メイシ,50.0,不明,0.02
202605020410,リアレ,50.0,不明,0.02
202605020411,馬名,50.0,騎手,0.02
202605020411,ベルウッドクレド,50.0,大野,0.02
202605020411,レッドラージャ,50.0,西塚,0.02
202605020411,トーセンブリラーレ,50.0,長浜,0.02
202605020411,ヘイジュード,50.0,浜中,0.02
202605020411,ウィロークリーク,50.0,田辺,0.02
202605020411,マイネルクオリア,50.0,松岡,0.02
202605020411,ヴィサージュ,50.0,横山典,0.02
202605020411,ボンドマティーニ,50.0,横山和,0.02
202605020411,マテンロウゼロ,50.0,石橋脩,0.02
202605020411,エーデルゼーレ,50.0,佐々木,0.02
202605020411,オルフセン,50.0,岩田康,0.02
202605020411,メイショウハチコウ,50.0,ディー,0.02
202605020411,ジャスティンシカゴ,50.0,原,0.02
202605020411,ミッキージャンプ,50.0,菅原明,0.02
202605020411,ショウグンマサムネ,50.0,荻野極,0.02
202605020411,ジャス,50.0,不明,0.02
202605020411,レッド,50.0,不明,0.02
202605020411,ウィロ,50.0,不明,0.02
202605020411,ミッキ,50.0,不明,0.02
202605020411,ベルウ,50.0,不明,0.02
202605020411,オルフ,50.0,不明,0.02
202605020411,メイシ,50.0,不明,0.02
202605020411,エーデ,50.0,不明,0.02
202605020411,トーセ,50.0,不明,0.02
202605020411,ヘイジ,50.0,不明,0.02
202605020411,ヴィサ,50.0,不明,0.02
202605020411,マテン,50.0,不明,0.02
202605020411,ショウ,50.0,不明,0.02
202605020411,マイネ,50.0,不明,0.02
202605020411,ボンド,50.0,不明,0.02
202605020412,馬名,50.0,騎手,0.02
202605020412,スムースベルベット,50.0,柴田大,0.02
202605020412,クレイヴィンオナー,50.0,岩田康,0.02
202605020412,アオカミ,50.0,江田照,0.02
202605020412,ベンダバール,50.0,国分恭,0.02
202605020412,エイプリルインパリ,50.0,小崎,0.02
202605020412,ルーフオブヘヴン,50.0,佐々木,0.02
202605020412,オコタンペ,50.0,ディー,0.02
202605020412,フォーワンセルフ,50.0,原,0.02
202605020412,レッドレナート,50.0,横山和,0.02
202605020412,アルジェンタージョ,50.0,▲佐藤,0.02
202605020412,タマモヴェナトル,50.0,△長浜,0.02
202605020412,シルフズミスチーフ,50.0,荻野極,0.02
202605020412,アイアムイチバン,50.0,横山武,0.02
202605020412,エイプ,50.0,不明,0.02
202605020412,シルフ,50.0,不明,0.02
202605020412,レッド,50.0,不明,0.02
202605020412,スムー,50.0,不明,0.02
202605020412,アルジ,50.0,不明,0.02
202605020412,ルーフ,50.0,不明,0.02
202605020412,アイア,50.0,不明,0.02
202605020412,オコタ,50.0,不明,0.02
202605020412,アオカ,50.0,不明,0.02
202605020412,ベンダ,50.0,不明,0.02
202605020412,タマモ,50.0,不明,0.02
202605020412,クレイ,50.0,不明,0.02
202605020412,フォー,50.0,不明,0.02
202608030401,馬名,50.0,騎手,0.02
202608030401,キミガスキダ,50.0,松本,0.02
202608030401,ヤマニンコルザ,50.0,松若,0.02
202608030401,パピプペピンク,50.0,酒井,0.02
202608030401,タガノシルフィー,50.0,角田和,0.02
202608030401,メリオルヴィア,50.0,吉村,0.02
202608030401,スマッシング,50.0,幸,0.02
202608030401,アマノガワギンガ,50.0,国分優,0.02
202608030401,ヴォメロ,50.0,池添,0.02
202608030401,ピカラ,50.0,岩田望,0.02
202608030401,プリンセスアツコ,50.0,鮫島良,0.02
202608030401,ゴールドアテネ,50.0,菱田,0.02
202608030401,マーゴットクリュグ,50.0,秋山稔,0.02
202608030401,ストリートクイーン,50.0,松山,0.02
202608030401,クイーンザノリピー,50.0,Ｍデムーロ,0.02
202608030401,マルモリキャスター,50.0,泉谷,0.02
202608030401,シエーナカラー,50.0,津村,0.02
202608030401,スマッ,50.0,不明,0.02
202608030401,ストリ,50.0,不明,0.02
202608030401,ヴォメ,50.0,不明,0.02
202608030401,メリオ,50.0,不明,0.02
202608030401,ピカラ,50.0,不明,0.02
202608030401,プリン,50.0,不明,0.02
202608030401,マーゴ,50.0,不明,0.02
202608030401,マルモ,50.0,不明,0.02
202608030401,パピプ,50.0,不明,0.02
202608030401,キミガ,50.0,不明,0.02
202608030401,ヤマニ,50.0,不明,0.02
202608030401,ゴール,50.0,不明,0.02
202608030401,クイー,50.0,不明,0.02
202608030401,シエー,50.0,不明,0.02
202608030401,アマノ,50.0,不明,0.02
202608030402,馬名,50.0,騎手,0.02
202608030402,フチサンチャチャ,50.0,岡田,0.02
202608030402,エクストラプッシュ,50.0,岩田望,0.02
202608030402,クリコバロー,50.0,酒井,0.02
202608030402,アスクハッピーマン,50.0,戸崎圭,0.02
202608030402,ポップアップ,50.0,吉村,0.02
202608030402,ジャストグレース,50.0,国分優作,0.02
202608030402,クリノリキオー,50.0,幸,0.02
202608030402,メイショウゴウケツ,50.0,太宰,0.02
202608030402,グランワールド,50.0,松山,0.02
202608030402,ヒラボクソライア,50.0,角田和,0.02
202608030402,グランシャン,50.0,菱田,0.02
202608030402,メイショウサッソウ,50.0,加藤,0.02
202608030402,グラン,50.0,不明,0.02
202608030402,グラン,50.0,不明,0.02
202608030402,フチサ,50.0,不明,0.02
202608030402,エクス,50.0,不明,0.02
202608030402,クリコ,50.0,不明,0.02
202608030402,クリノ,50.0,不明,0.02
202608030402,メイシ,50.0,不明,0.02
202608030402,メイシ,50.0,不明,0.02
202608030402,アスク,50.0,不明,0.02
202608030402,ポップ,50.0,不明,0.02
202608030402,ヒラボ,50.0,不明,0.02
202608030402,ジャス,50.0,不明,0.02
202608030403,ヤマニンエルファバ,50.0,武豊,0.024
202608030403,スマートピクタス,50.0,国分優,0.02
202608030403,馬名,50.0,騎手,0.02
202608030403,ミリオンアップ,50.0,松本,0.02
202608030403,ウルダ,50.0,城戸,0.02
202608030403,コイタマチャン,50.0,松山,0.02
202608030403,デルマタイセツ,50.0,加藤,0.02
202608030403,セントピュアベース,50.0,酒井,0.02
202608030403,ゼルノードゥス,50.0,角田和,0.02
202608030403,スマートルヴァン,50.0,岩田望,0.02
202608030403,オヤツノジカン,50.0,幸,0.02
202608030403,ウンナターシャ,50.0,鮫島駿,0.02
202608030403,プルーフリーディン,50.0,吉村,0.02
202608030403,トリビア,50.0,戸崎圭太,0.02
202608030403,ジーティービキニ,50.0,北村友,0.02
202608030403,レザーアンドレース,50.0,松若,0.02
202608030403,コイタ,50.0,不明,0.02
202608030403,ジーテ,50.0,不明,0.02
202608030403,ヤマニ,50.0,不明,0.02
202608030403,ウンナ,50.0,不明,0.02
202608030403,プルー,50.0,不明,0.02
202608030403,セント,50.0,不明,0.02
202608030403,スマー,50.0,不明,0.02
202608030403,デルマ,50.0,不明,0.02
202608030403,ミリオ,50.0,不明,0.02
202608030403,オヤツ,50.0,不明,0.02
202608030403,トリビ,50.0,不明,0.02
202608030403,スマー,50.0,不明,0.02
202608030403,ウルダ,50.0,不明,0.02
202608030403,ゼルノ,50.0,不明,0.02
202608030403,レザー,50.0,不明,0.02
202608030404,ダノンミッドナイト,50.0,川田,0.024
202608030404,ルクスユアン,50.0,幸,0.02
202608030404,馬名,50.0,騎手,0.02
202608030404,シートゥサミット,50.0,酒井,0.02
202608030404,エアアルチーナ,50.0,松山,0.02
202608030404,ヴィスメンティス,50.0,松本,0.02
202608030404,アルディメント,50.0,岩田望,0.02
202608030404,スクランプシャス,50.0,鮫島駿,0.02
202608030404,パーヴォ,50.0,津村,0.02
202608030404,グロートカイザー,50.0,国分優,0.02
202608030404,ヴィラジョヴィス,50.0,北村友,0.02
202608030404,マジョレルブルー,50.0,レーン,0.02
202608030404,エアア,50.0,不明,0.02
202608030404,スクラ,50.0,不明,0.02
202608030404,ヴィラ,50.0,不明,0.02
202608030404,ルクス,50.0,不明,0.02
202608030404,ヴィス,50.0,不明,0.02
202608030404,マジョ,50.0,不明,0.02
202608030404,シート,50.0,不明,0.02
202608030404,ダノン,50.0,不明,0.02
202608030404,アルデ,50.0,不明,0.02
202608030404,パーヴ,50.0,不明,0.02
202608030404,グロー,50.0,不明,0.02
202608030405,スノースケープ,50.0,川田,0.024
202608030405,ラミエルノムスコ,50.0,武豊,0.024
202608030405,サイレントワルツ,50.0,川須,0.02
202608030405,テンダーワーズ,50.0,北村友,0.02
202608030405,ジーティーウタマロ,50.0,戸崎圭,0.02
202608030405,ロスニーニョス,50.0,国分優作,0.02
202608030405,馬名,50.0,騎手,0.02
202608030405,リノルアナ,50.0,酒井,0.02
202608030405,メイショウショカツ,50.0,幸,0.02
202608030405,オックスアイ,50.0,吉村,0.02
202608030405,ビロングトゥミー,50.0,松山,0.02
202608030405,リン,50.0,岩田望,0.02
202608030405,ジーテ,50.0,不明,0.02
202608030405,オック,50.0,不明,0.02
202608030405,リン,50.0,不明,0.02
202608030405,リノル,50.0,不明,0.02
202608030405,メイシ,50.0,不明,0.02
202608030405,サイレ,50.0,不明,0.02
202608030405,スノー,50.0,不明,0.02
202608030405,ラミエ,50.0,不明,0.02
202608030405,テンダ,50.0,不明,0.02
202608030405,ビロン,50.0,不明,0.02
202608030405,ロスニ,50.0,不明,0.02
202608030406,ゼロヴィジビリティ,50.0,ルメール,0.024
202608030406,馬名,50.0,騎手,0.02
202608030406,テーオーパーセル,50.0,松山,0.02
202608030406,プレダトゥール,50.0,秋山稔,0.02
202608030406,ナムラダリア,50.0,幸,0.02
202608030406,マーゴットサンズ,50.0,鮫島駿,0.02
202608030406,エルリオ,50.0,角田和,0.02
202608030406,ヒナノムサシ,50.0,池添,0.02
202608030406,ブロンテス,50.0,太宰啓介,0.02
202608030406,フリッシュ,50.0,藤懸,0.02
202608030406,アイカンアズーラ,50.0,酒井,0.02
202608030406,ハグレジョー,50.0,菱田,0.02
202608030406,ヘリテージブルーム,50.0,戸崎圭,0.02
202608030406,クラックショット,50.0,国分優,0.02
202608030406,ブルズアイプリンス,50.0,松本,0.02
202608030406,タイセイモノリス,50.0,津村,0.02
202608030406,バトゥカーダ,50.0,川須,0.02
202608030406,テーオ,50.0,不明,0.02
202608030406,アイカ,50.0,不明,0.02
202608030406,ゼロヴ,50.0,不明,0.02
202608030406,マーゴ,50.0,不明,0.02
202608030406,ヒナノ,50.0,不明,0.02
202608030406,ハグレ,50.0,不明,0.02
202608030406,タイセ,50.0,不明,0.02
202608030406,ブロン,50.0,不明,0.02
202608030406,フリッ,50.0,不明,0.02
202608030406,プレダ,50.0,不明,0.02
202608030406,クラッ,50.0,不明,0.02
202608030406,ブルズ,50.0,不明,0.02
202608030406,バトゥ,50.0,不明,0.02
202608030406,ヘリテ,50.0,不明,0.02
202608030406,エルリ,50.0,不明,0.02
202608030406,ナムラ,50.0,不明,0.02
202608030407,タンテドヴィーヴル,50.0,ルメール,0.024
202608030407,馬名,50.0,騎手,0.02
202608030407,ボナペティアスク,50.0,川須,0.02
202608030407,テレプシコーラ,50.0,国分優,0.02
202608030407,ヴェストラン,50.0,太宰,0.02
202608030407,サラコスティ,50.0,レーン,0.02
202608030407,レイデラティエラ,50.0,松若,0.02
202608030407,ジェロニモス,50.0,岩田望,0.02
202608030407,アンビアンス,50.0,吉村,0.02
202608030407,タンテ,50.0,不明,0.02
202608030407,レイデ,50.0,不明,0.02
202608030407,ジェロ,50.0,不明,0.02
202608030407,ヴェス,50.0,不明,0.02
202608030407,サラコ,50.0,不明,0.02
202608030407,テレプ,50.0,不明,0.02
202608030407,ボナペ,50.0,不明,0.02
202608030407,アンビ,50.0,不明,0.02
202608030408,メイショウミリオレ,50.0,武豊,0.024
202608030408,タガノアンファン,50.0,川田,0.024
202608030408,ペイドラロワール,50.0,吉村,0.02
202608030408,タイキヴァンクール,50.0,幸,0.02
202608030408,アスクキングコング,50.0,荻野琢,0.02
202608030408,ブルボンクイーン,50.0,角田和,0.02
202608030408,馬名,50.0,騎手,0.02
202608030408,バシレウスシチー,50.0,菱田,0.02
202608030408,マジカルフェアリー,50.0,岩田望,0.02
202608030408,アオイレーギーナ,50.0,池添,0.02
202608030408,サディーク,50.0,松若,0.02
202608030408,ミロワール,50.0,酒井学,0.02
202608030408,アタリダイキチ,50.0,津村,0.02
202608030408,モズアンタレス,50.0,北村友,0.02
202608030408,アストラカ,50.0,藤懸,0.02
202608030408,カリーシ,50.0,戸崎圭,0.02
202608030408,タイキ,50.0,不明,0.02
202608030408,ブルボ,50.0,不明,0.02
202608030408,サディ,50.0,不明,0.02
202608030408,アスト,50.0,不明,0.02
202608030408,バシレ,50.0,不明,0.02
202608030408,マジカ,50.0,不明,0.02
202608030408,ペイド,50.0,不明,0.02
202608030408,アタリ,50.0,不明,0.02
202608030408,モズア,50.0,不明,0.02
202608030408,カリー,50.0,不明,0.02
202608030408,ミロワ,50.0,不明,0.02
202608030408,タガノ,50.0,不明,0.02
202608030408,メイシ,50.0,不明,0.02
202608030408,アスク,50.0,不明,0.02
202608030408,アオイ,50.0,不明,0.02
202608030409,馬名,50.0,騎手,0.02
202608030409,ヒデノレインボー,50.0,吉村,0.02
202608030409,バトンインディ,50.0,幸,0.02
202608030409,ジョータルマエ,50.0,鮫島良,0.02
202608030409,サパテアール,50.0,津村,0.02
202608030409,テーオーライマン,50.0,Ｄ．レーン,0.02
202608030409,レヴァンテシチー,50.0,松山,0.02
202608030409,シュプリンガー,50.0,国分優,0.02
202608030409,サンライズバレット,50.0,鮫島駿,0.02
202608030409,グランオース,50.0,角田和,0.02
202608030409,ジョー,50.0,不明,0.02
202608030409,バトン,50.0,不明,0.02
202608030409,レヴァ,50.0,不明,0.02
202608030409,サンラ,50.0,不明,0.02
202608030409,ヒデノ,50.0,不明,0.02
202608030409,テーオ,50.0,不明,0.02
202608030409,グラン,50.0,不明,0.02
202608030409,サパテ,50.0,不明,0.02
202608030409,シュプ,50.0,不明,0.02
202608030410,レッドエヴァンス,50.0,ルメール,0.024
202608030410,エヴァンスウィート,50.0,武豊,0.024
202608030410,馬名,50.0,騎手,0.02
202608030410,サウスバンク,50.0,酒井,0.02
202608030410,バンドシェル,50.0,鮫島駿,0.02
202608030410,ルシード,50.0,北村友,0.02
202608030410,メイショウピース,50.0,松山,0.02
202608030410,アンビバレント,50.0,岩田望,0.02
202608030410,ダークエクリプス,50.0,荻野琢,0.02
202608030410,コウセキ,50.0,レーン,0.02
202608030410,ジャスパーノワール,50.0,松若,0.02
202608030410,ブラックケリー,50.0,菱田,0.02
202608030410,ドゥアムール,50.0,角田和,0.02
202608030410,パクスロマーナ,50.0,池添,0.02
202608030410,タガノシャーンス,50.0,川須,0.02
202608030410,トーラスシャイン,50.0,松本,0.02
202608030410,ディアドコス,50.0,吉村,0.02
202608030410,アスティスプマンテ,50.0,戸崎圭,0.02
202608030410,トーセントラム,50.0,秋山稔,0.02
202608030410,トーラ,50.0,不明,0.02
202608030410,サウス,50.0,不明,0.02
202608030410,ルシー,50.0,不明,0.02
202608030410,コウセ,50.0,不明,0.02
202608030410,ジャス,50.0,不明,0.02
202608030410,パクス,50.0,不明,0.02
202608030410,ブラッ,50.0,不明,0.02
202608030410,エヴァ,50.0,不明,0.02
202608030410,ドゥア,50.0,不明,0.02
202608030410,アステ,50.0,不明,0.02
202608030410,レッド,50.0,不明,0.02
202608030410,ダーク,50.0,不明,0.02
202608030410,タガノ,50.0,不明,0.02
202608030410,ディア,50.0,不明,0.02
202608030410,メイシ,50.0,不明,0.02
202608030410,バンド,50.0,不明,0.02
202608030410,アンビ,50.0,不明,0.02
202608030410,トーセ,50.0,不明,0.02
202608030411,アドマイヤテラ,50.0,武豊,0.024
202608030411,エヒト,50.0,川田,0.024
202608030411,ヘデントール,50.0,ルメール,0.024
202608030411,サンライズソレイユ,50.0,池添,0.02
202608030411,ヴェルミセル,50.0,鮫島駿,0.02
202608030411,アクアヴァーナル,50.0,松山,0.02
202608030411,馬名,50.0,騎手,0.02
202608030411,ケイアイサンデラ,50.0,藤懸,0.02
202608030411,クロワデュノール,50.0,北村友,0.02
202608030411,プレシャスデイ,50.0,吉村,0.02
202608030411,シンエンペラー,50.0,岩田望,0.02
202608030411,マイネルカンパーナ,50.0,津村,0.02
202608030411,タガノデュード,50.0,Ｄ．レーン,0.02
202608030411,ミステリーウェイ,50.0,松本,0.02
202608030411,ホーエリート,50.0,戸崎圭,0.02
202608030411,ヴェルテンベルク,50.0,松若,0.02
202608030411,ケイア,50.0,不明,0.02
202608030411,ミステ,50.0,不明,0.02
202608030411,クロワ,50.0,不明,0.02
202608030411,アクア,50.0,不明,0.02
202608030411,シンエ,50.0,不明,0.02
202608030411,アドマ,50.0,不明,0.02
202608030411,マイネ,50.0,不明,0.02
202608030411,タガノ,50.0,不明,0.02
202608030411,サンラ,50.0,不明,0.02
202608030411,プレシ,50.0,不明,0.02
202608030411,エヒト,50.0,不明,0.02
202608030411,ホーエ,50.0,不明,0.02
202608030411,ヘデン,50.0,不明,0.02
202608030411,ヴェル,50.0,不明,0.02
202608030411,ヴェル,50.0,不明,0.02
202608030412,ヤマニンアストロン,50.0,武豊,0.024
202608030412,馬名,50.0,騎手,0.02
202608030412,ゴールデンオスカー,50.0,松若風馬,0.02
202608030412,ナッカーフェイス,50.0,秋山稔,0.02
202608030412,クロニクル,50.0,菱田,0.02
202608030412,ハクサンアイリス,50.0,岩田望,0.02
202608030412,ルシフェル,50.0,松山,0.02
202608030412,ゴッドブルービー,50.0,角田和,0.02
202608030412,レイズカイザー,50.0,吉村,0.02
202608030412,サンダーバース,50.0,幸,0.02
202608030412,ゲキザル,50.0,小林脩,0.02
202608030412,テイエムヒショウ,50.0,川須,0.02
202608030412,スニーカースキル,50.0,鮫島駿,0.02
202608030412,トラペジスト,50.0,北村友,0.02
202608030412,ハワイアンタイム,50.0,太宰,0.02
202608030412,マッシャーブルム,50.0,高倉,0.02
202608030412,テーオールビー,50.0,藤懸,0.02
202608030412,マッシ,50.0,不明,0.02
202608030412,ハクサ,50.0,不明,0.02
202608030412,ゴッド,50.0,不明,0.02
202608030412,テーオ,50.0,不明,0.02
202608030412,ルシフ,50.0,不明,0.02
202608030412,クロニ,50.0,不明,0.02
202608030412,スニー,50.0,不明,0.02
202608030412,ハワイ,50.0,不明,0.02
202608030412,レイズ,50.0,不明,0.02
202608030412,サンダ,50.0,不明,0.02
202608030412,テイエ,50.0,不明,0.02
202608030412,トラペ,50.0,不明,0.02
202608030412,ヤマニ,50.0,不明,0.02
202608030412,ナッカ,50.0,不明,0.02
202608030412,ゴール,50.0,不明,0.02
202608030412,ゲキザ,50.0,不明,0.02
